filename,label,keypoints
IMG_0362.jpg,ready,"[[346.5754699707031, 148.89364624023438, 0.9642845392227173], [352.08966064453125, 142.897705078125, 0.9255369305610657], [340.31201171875, 143.20449829101562, 0.9395424127578735], [359.907958984375, 149.54345703125, 0.6916770935058594], [329.6009826660156, 150.1197509765625, 0.7741827368736267], [371.4488525390625, 192.83892822265625, 0.993277907371521], [315.4638671875, 194.27371215820312, 0.9964516162872314], [382.23724365234375, 244.94741821289062, 0.9528179168701172], [307.0771789550781, 247.14013671875, 0.9744641780853271], [381.7689514160156, 293.1322937011719, 0.9236094355583191], [308.8775939941406, 293.1037902832031, 0.9468737840652466], [360.3292541503906, 291.7192687988281, 0.9955135583877563], [324.53826904296875, 292.4814147949219, 0.9968024492263794], [358.26629638671875, 364.84478759765625, 0.9849041104316711], [326.1580810546875, 365.5174560546875, 0.9876070618629456], [354.63421630859375, 435.05096435546875, 0.9536498785018921], [329.1328430175781, 436.210205078125, 0.9599444270133972]]"
IMG_0363.jpg,ready,"[[347.15234375, 151.20797729492188, 0.9808439016342163], [354.0066223144531, 145.04237365722656, 0.9644127488136292], [340.9701843261719, 145.05824279785156, 0.9652084112167358], [364.3604431152344, 150.35699462890625, 0.7908006906509399], [330.5002746582031, 150.29348754882812, 0.7942285537719727], [380.1324768066406, 189.40805053710938, 0.9966084957122803], [310.31964111328125, 189.77081298828125, 0.9983274936676025], [404.54071044921875, 232.23812866210938, 0.9819779992103577], [284.6307067871094, 230.884765625, 0.9900216460227966], [384.45587158203125, 250.59219360351562, 0.9710229635238647], [306.265869140625, 252.326416015625, 0.979033350944519], [369.14593505859375, 291.35003662109375, 0.9980738162994385], [321.80865478515625, 291.6059265136719, 0.9986534714698792], [374.4251708984375, 366.7474365234375, 0.9924944639205933], [312.9443664550781, 366.42657470703125, 0.9935780167579651], [372.8617248535156, 438.53253173828125, 0.9688707590103149], [316.26336669921875, 438.636474609375, 0.9721506834030151]]"
IMG_0366.jpg,squat,"[[336.1672058105469, 245.49813842773438, 0.9573890566825867], [342.5009765625, 239.72659301757812, 0.939494252204895], [330.05169677734375, 239.9456787109375, 0.925923764705658], [353.5741882324219, 246.28329467773438, 0.7643766403198242], [319.37359619140625, 247.01519775390625, 0.6605436205863953], [374.0550537109375, 281.0671691894531, 0.994533896446228], [299.4939270019531, 280.90997314453125, 0.9962021708488464], [396.8518981933594, 323.2288513183594, 0.98198401927948], [274.2983093261719, 317.7424621582031, 0.9844199419021606], [377.4484558105469, 346.27996826171875, 0.9666253924369812], [297.33856201171875, 339.650146484375, 0.9675511121749878], [367.5974426269531, 363.9981384277344, 0.9942973852157593], [310.8776550292969, 363.4245300292969, 0.9952893257141113], [404.0837097167969, 382.9530944824219, 0.9720502495765686], [277.6418151855469, 381.0062255859375, 0.9729819297790527], [419.9071044921875, 452.68841552734375, 0.9224796295166016], [266.6986999511719, 450.75048828125, 0.9237061738967896]]"
IMG_0367.jpg,lunge,"[[369.77093505859375, 247.43658447265625, 0.9728057384490967], [371.4408264160156, 239.76214599609375, 0.8584813475608826], [362.652587890625, 241.3070068359375, 0.9608354568481445], [370.8421325683594, 242.36767578125, 0.4666702151298523], [347.09625244140625, 245.72366333007812, 0.8986427783966064], [375.1241149902344, 277.9432373046875, 0.986486554145813], [329.0831604003906, 281.12579345703125, 0.9961420297622681], [378.0218505859375, 320.98760986328125, 0.9380483627319336], [308.8475341796875, 326.05841064453125, 0.9893866777420044], [376.8260803222656, 350.77496337890625, 0.8955550193786621], [337.34521484375, 358.4365234375, 0.9743140935897827], [373.5777282714844, 362.1045227050781, 0.9943863749504089], [333.0240173339844, 367.17132568359375, 0.9970865249633789], [426.3907470703125, 401.82794189453125, 0.9793347120285034], [322.8803405761719, 416.19525146484375, 0.9899309277534485], [428.2901611328125, 436.9912109375, 0.9432387351989746], [268.5185241699219, 456.53900146484375, 0.9629164934158325]]"
IMG_0369.jpg,lunge,"[[377.7175598144531, 235.71783447265625, 0.9465444087982178], [375.48895263671875, 226.85308837890625, 0.6842489242553711], [370.7043762207031, 230.29885864257812, 0.9464139938354492], [362.87945556640625, 227.77203369140625, 0.27547627687454224], [350.6557312011719, 236.69482421875, 0.9188308119773865], [359.79315185546875, 263.05657958984375, 0.9705088138580322], [334.6716613769531, 271.6942138671875, 0.9952301383018494], [348.8113098144531, 308.4098205566406, 0.8655738830566406], [314.6399841308594, 316.2716979980469, 0.9889059066772461], [351.032958984375, 339.8757629394531, 0.7969803810119629], [335.5558166503906, 348.565673828125, 0.9697266817092896], [363.6994934082031, 352.3581848144531, 0.9915741682052612], [335.0268249511719, 359.351318359375, 0.9967459440231323], [419.439208984375, 396.43603515625, 0.9748654365539551], [321.2722473144531, 412.3997497558594, 0.9906635284423828], [428.6551513671875, 428.6296691894531, 0.9441324472427368], [256.41302490234375, 448.23931884765625, 0.9689408540725708]]"
IMG_0372.jpg,lunge,"[[298.2874755859375, 239.91766357421875, 0.8588278293609619], [304.2709045410156, 233.4671630859375, 0.9056380987167358], [299.3862609863281, 232.71200561523438, 0.4410545229911804], [322.4553527832031, 236.7716064453125, 0.9191750288009644], [315.45513916015625, 232.68753051757812, 0.1903432011604309], [333.55743408203125, 272.38189697265625, 0.993865430355072], [322.38720703125, 263.8225402832031, 0.8904127478599548], [335.7397155761719, 323.609375, 0.987845778465271], [333.20684814453125, 304.3562316894531, 0.5638932585716248], [319.4985656738281, 360.3526916503906, 0.9586787819862366], [314.10968017578125, 344.455078125, 0.5174599289894104], [332.28277587890625, 359.9430847167969, 0.9934177398681641], [314.1677551269531, 355.23870849609375, 0.970187246799469], [357.642333984375, 411.89105224609375, 0.9826850891113281], [258.8932189941406, 403.69158935546875, 0.9278252124786377], [425.926513671875, 444.35546875, 0.9542657136917114], [260.5745849609375, 430.3836364746094, 0.8918770551681519]]"
IMG_0373.jpg,lunge,"[[311.53338623046875, 239.1102294921875, 0.9465055465698242], [318.46624755859375, 232.1903076171875, 0.9425917267799377], [307.7842712402344, 232.0982666015625, 0.7746248245239258], [332.227783203125, 235.66482543945312, 0.9000574946403503], [309.57208251953125, 234.39373779296875, 0.4280919134616852], [343.9151611328125, 274.2475280761719, 0.9951819181442261], [308.3974609375, 268.98455810546875, 0.9658527374267578], [346.9231262207031, 325.76171875, 0.9867194294929504], [318.50274658203125, 311.3824462890625, 0.821473240852356], [325.3738098144531, 353.7763366699219, 0.962399959564209], [310.0810546875, 348.9344177246094, 0.7600258588790894], [338.04052734375, 360.6606140136719, 0.9948413372039795], [304.5384521484375, 356.5968017578125, 0.9854823350906372], [359.6635437011719, 411.9840393066406, 0.9849092364311218], [254.92845153808594, 400.684326171875, 0.9593672156333923], [421.6952209472656, 449.831298828125, 0.9574229121208191], [260.2762451171875, 431.8550720214844, 0.9230512380599976]]"
IMG_0375.jpg,slide,"[[240.5476837158203, 314.6557922363281, 0.9336196780204773], [247.60910034179688, 308.05230712890625, 0.9334656000137329], [235.30462646484375, 308.48870849609375, 0.823041558265686], [261.3791198730469, 310.4246520996094, 0.8534023761749268], [229.99566650390625, 310.6486511230469, 0.4742327630519867], [272.9171142578125, 338.59454345703125, 0.9868054389953613], [230.42369079589844, 338.4759521484375, 0.9392699003219604], [263.0466003417969, 390.2760009765625, 0.9567508101463318], [238.6350860595703, 384.3811340332031, 0.7234950661659241], [243.92230224609375, 385.7111511230469, 0.8918095827102661], [242.87445068359375, 388.6246337890625, 0.6419597268104553], [305.7146301269531, 377.8700256347656, 0.98045814037323], [265.4342041015625, 381.11932373046875, 0.9587748050689697], [352.58343505859375, 415.67816162109375, 0.9578468799591064], [235.12322998046875, 418.4583740234375, 0.9148694276809692], [428.6840515136719, 431.35382080078125, 0.9116713404655457], [250.16641235351562, 435.55859375, 0.8648369908332825]]"
IMG_0378.jpg,slide,"[[193.79193115234375, 418.99468994140625, 0.6740759611129761], [191.39837646484375, 411.8451843261719, 0.6847347021102905], [188.6228485107422, 413.51580810546875, 0.290246844291687], [200.8168182373047, 392.6299133300781, 0.7149507999420166], [186.5531768798828, 397.02197265625, 0.17097187042236328], [236.2149658203125, 387.0668029785156, 0.9830429553985596], [206.34051513671875, 378.3536376953125, 0.8698112964630127], [260.8494873046875, 440.99188232421875, 0.9775171279907227], [234.36643981933594, 403.4165954589844, 0.696745753288269], [217.21046447753906, 467.016357421875, 0.9349249601364136], [225.09881591796875, 443.94281005859375, 0.6405965089797974], [317.0723876953125, 375.8365478515625, 0.9786331653594971], [292.87896728515625, 375.83538818359375, 0.9413690567016602], [357.3538818359375, 435.94842529296875, 0.9276533722877502], [300.104736328125, 427.43182373046875, 0.8179696798324585], [439.8494873046875, 425.08544921875, 0.7813686728477478], [348.61236572265625, 405.32794189453125, 0.6563529372215271]]"
IMG_0379.jpg,slide,"[[470.0857238769531, 315.27008056640625, 0.9620027542114258], [476.2254638671875, 308.8052673339844, 0.8610016107559204], [463.4260559082031, 309.4126281738281, 0.9599926471710205], [483.376708984375, 309.82232666015625, 0.459148645401001], [447.9633483886719, 311.5177001953125, 0.864419162273407], [475.11383056640625, 326.9249572753906, 0.9552351832389832], [434.2793884277344, 338.95465087890625, 0.9920312166213989], [466.9268798828125, 366.2711486816406, 0.825542151927948], [442.6080322265625, 392.3070068359375, 0.9806869029998779], [449.92633056640625, 369.2384948730469, 0.7677468061447144], [461.03533935546875, 371.07061767578125, 0.9500566720962524], [435.1512756347656, 365.8406066894531, 0.9790831804275513], [394.0314025878906, 369.34466552734375, 0.9904614090919495], [475.7129211425781, 389.61334228515625, 0.9326435327529907], [349.6670227050781, 403.4866943359375, 0.9706810712814331], [447.66387939453125, 399.8431396484375, 0.8701860308647156], [272.6719055175781, 425.351318359375, 0.9193219542503357]]"
IMG_0381.jpg,slide,"[[495.8273620605469, 386.292724609375, 0.6476384997367859], [500.0355224609375, 383.11676025390625, 0.37969574332237244], [496.9822082519531, 380.4389953613281, 0.5611123442649841], [507.4234619140625, 373.6873474121094, 0.2669000029563904], [492.93896484375, 367.6509704589844, 0.47268548607826233], [501.0157165527344, 363.7066650390625, 0.885326087474823], [463.1351623535156, 364.22393798828125, 0.9595272541046143], [495.4774169921875, 381.3715515136719, 0.8234676122665405], [434.8089904785156, 408.9466552734375, 0.9541475772857666], [502.9122009277344, 381.986572265625, 0.7871979475021362], [477.9163513183594, 412.66412353515625, 0.9103673696517944], [433.20587158203125, 359.4870300292969, 0.96852707862854], [404.27398681640625, 354.99755859375, 0.9805811047554016], [414.91741943359375, 408.0018310546875, 0.893150806427002], [351.18072509765625, 410.918212890625, 0.9342311024665833], [344.41619873046875, 393.34967041015625, 0.7706134915351868], [276.82037353515625, 403.5963134765625, 0.8174710273742676]]"
IMG_0384.jpg,running_slide,"[[483.6419372558594, 277.04608154296875, 0.7079275250434875], [480.93487548828125, 269.9666748046875, 0.2110888957977295], [480.24383544921875, 270.4602966308594, 0.751770555973053], [458.22222900390625, 269.6182861328125, 0.13316485285758972], [462.4683532714844, 272.65606689453125, 0.8752897381782532], [432.4066162109375, 302.75811767578125, 0.9033458232879639], [448.9118347167969, 304.6067199707031, 0.9909666180610657], [421.07275390625, 358.42962646484375, 0.6618899703025818], [433.86376953125, 366.84027099609375, 0.9820365905761719], [448.1631774902344, 408.70758056640625, 0.5967914462089539], [447.1998596191406, 420.04638671875, 0.9426000714302063], [373.4256896972656, 380.4325256347656, 0.9683433771133423], [385.5506286621094, 375.0888671875, 0.9897207021713257], [320.3664245605469, 422.6247863769531, 0.9093310832977295], [343.2131652832031, 421.15020751953125, 0.9684507846832275], [243.6390838623047, 430.66595458984375, 0.8245232701301575], [270.6173095703125, 427.90447998046875, 0.9000046253204346]]"
IMG_0385.jpg,running_slide,"[[216.50265502929688, 286.9994812011719, 0.6460750699043274], [220.92694091796875, 282.68121337890625, 0.7195079922676086], [219.21343994140625, 280.6227722167969, 0.20355191826820374], [237.76939392089844, 287.9183044433594, 0.9027398824691772], [241.52413940429688, 280.513671875, 0.20086565613746643], [240.27529907226562, 323.4783935546875, 0.994086503982544], [271.3472900390625, 307.6481628417969, 0.9209308624267578], [247.80531311035156, 380.3673400878906, 0.9834345579147339], [298.9529724121094, 345.3171691894531, 0.6154784560203552], [237.96473693847656, 427.489501953125, 0.9163945317268372], [275.8369140625, 387.0882263183594, 0.4693838953971863], [299.23046875, 385.8857421875, 0.9907939434051514], [320.1878967285156, 385.84527587890625, 0.9671682119369507], [345.010986328125, 432.94891357421875, 0.9672640562057495], [367.541259765625, 432.121826171875, 0.899486780166626], [409.97222900390625, 426.5992736816406, 0.9011341333389282], [442.22344970703125, 424.8636474609375, 0.8142504692077637]]"
IMG_0388.jpg,slide,"[[246.14439392089844, 149.89352416992188, 0.952375590801239], [254.46339416503906, 144.97372436523438, 0.9258105754852295], [242.31869506835938, 144.29080200195312, 0.8449742197990417], [265.6078186035156, 153.81813049316406, 0.8166613578796387], [238.85458374023438, 150.96905517578125, 0.5120240449905396], [266.5336608886719, 192.67013549804688, 0.9916685819625854], [233.69679260253906, 188.48992919921875, 0.9681118726730347], [258.8783874511719, 234.46615600585938, 0.9767135381698608], [226.94403076171875, 220.28347778320312, 0.8714909553527832], [233.29380798339844, 208.22186279296875, 0.9474925398826599], [229.626220703125, 201.36495971679688, 0.8341464400291443], [272.2379150390625, 282.20526123046875, 0.9924125671386719], [242.3566131591797, 284.5818176269531, 0.985514760017395], [304.73297119140625, 350.154541015625, 0.9844934940338135], [241.4520263671875, 362.89166259765625, 0.9725095629692078], [344.08428955078125, 408.42620849609375, 0.9563910961151123], [245.52963256835938, 430.3700256347656, 0.938104510307312]]"
IMG_0390.jpg,slide,"[[187.47927856445312, 378.48919677734375, 0.6867209076881409], [184.72689819335938, 372.2455749511719, 0.7226027250289917], [184.02420043945312, 373.82232666015625, 0.3456818759441376], [190.776611328125, 359.4151306152344, 0.740742564201355], [183.5679168701172, 363.1807861328125, 0.20008593797683716], [224.45831298828125, 360.0578308105469, 0.9812852144241333], [203.3076171875, 353.28533935546875, 0.8489907383918762], [250.2261962890625, 409.2534484863281, 0.9719974994659424], [228.84747314453125, 379.15960693359375, 0.6496415138244629], [227.98550415039062, 411.4063415527344, 0.9306696653366089], [223.927001953125, 375.2916564941406, 0.6378813982009888], [300.310791015625, 350.3956298828125, 0.986684262752533], [276.19305419921875, 350.5726623535156, 0.9638500213623047], [341.65643310546875, 418.07177734375, 0.9755438566207886], [253.1848907470703, 414.60247802734375, 0.9356061220169067], [426.3115539550781, 425.22216796875, 0.9376856684684753], [272.37054443359375, 416.7083740234375, 0.8887453079223633]]"
IMG_0391.jpg,squat,"[[328.9691467285156, 395.9248962402344, 0.8846415281295776], [335.16680908203125, 388.2398986816406, 0.8329788446426392], [321.972412109375, 388.91912841796875, 0.8290531635284424], [352.56817626953125, 370.16717529296875, 0.5610867142677307], [309.30810546875, 371.29608154296875, 0.5186497569084167], [366.9310607910156, 357.80902099609375, 0.9084123969078064], [292.4598693847656, 345.95513916015625, 0.9072424173355103], [391.529052734375, 370.2261962890625, 0.8336235284805298], [251.89505004882812, 340.4986572265625, 0.8281859159469604], [408.13555908203125, 406.14520263671875, 0.7863471508026123], [259.0116882324219, 392.49346923828125, 0.7828096747398376], [360.0101013183594, 337.5626525878906, 0.8713754415512085], [306.7008361816406, 334.8912658691406, 0.8691766262054443], [393.35955810546875, 410.0389709472656, 0.6413820385932922], [287.2341003417969, 408.525146484375, 0.6329854726791382], [427.628173828125, 426.9767761230469, 0.37324488162994385], [280.70843505859375, 425.7652893066406, 0.36478501558303833]]"
IMG_0394.jpg,slide,"[[477.2651062011719, 379.38201904296875, 0.7366865277290344], [478.9512634277344, 373.8778076171875, 0.373870313167572], [478.6730041503906, 374.1616516113281, 0.7675400376319885], [477.9302978515625, 360.873291015625, 0.2065044641494751], [473.1016845703125, 361.7055358886719, 0.7534483075141907], [462.2497253417969, 350.49835205078125, 0.8607262969017029], [436.7382507324219, 355.9656982421875, 0.9806333780288696], [441.59210205078125, 376.3422546386719, 0.7182313203811646], [403.7427673339844, 401.66668701171875, 0.9766974449157715], [451.9739685058594, 386.35577392578125, 0.6862711310386658], [440.03253173828125, 409.2892761230469, 0.9412397146224976], [384.5923767089844, 345.8800964355469, 0.9535959362983704], [360.6114807128906, 344.3482666015625, 0.981269359588623], [404.85955810546875, 402.6832275390625, 0.853371262550354], [328.6025390625, 401.5162353515625, 0.9398283958435059], [364.67498779296875, 415.2673645019531, 0.671801745891571], [253.32896423339844, 414.7720947265625, 0.7902203798294067]]"
IMG_0396.jpg,ready,"[[461.49237060546875, 156.36563110351562, 0.9529538750648499], [464.68011474609375, 148.16067504882812, 0.7980351448059082], [452.52734375, 150.79800415039062, 0.954581081867218], [466.25, 150.797119140625, 0.4071483016014099], [440.1829833984375, 157.35546875, 0.9065972566604614], [465.3492431640625, 189.479248046875, 0.9468597173690796], [434.5653076171875, 191.295166015625, 0.9943197965621948], [455.9620361328125, 225.10678100585938, 0.7233300805091858], [443.6650695800781, 224.92172241210938, 0.9824399352073669], [465.41864013671875, 209.0833740234375, 0.6505103707313538], [469.18212890625, 203.73330688476562, 0.9468046426773071], [437.9244384765625, 282.4518737792969, 0.9833112359046936], [410.0689697265625, 280.39990234375, 0.9942649602890015], [437.61358642578125, 353.96954345703125, 0.9720104932785034], [376.98455810546875, 346.5108337402344, 0.9906256198883057], [429.2960205078125, 419.272705078125, 0.9468589425086975], [337.24566650390625, 409.297607421875, 0.97348952293396]]"
IMG_0397.jpg,slide,"[[475.08819580078125, 387.3841247558594, 0.4444344937801361], [476.07122802734375, 381.1310119628906, 0.17229312658309937], [475.5873718261719, 382.5379333496094, 0.41108471155166626], [475.4300842285156, 365.2265625, 0.15192875266075134], [471.3069763183594, 370.1658935546875, 0.45329979062080383], [460.1972961425781, 346.7792663574219, 0.7977555990219116], [441.06048583984375, 356.3731994628906, 0.941952109336853], [430.6383056640625, 367.4645080566406, 0.7594494223594666], [412.15460205078125, 399.429931640625, 0.9536237716674805], [439.6272277832031, 386.6595764160156, 0.7011480331420898], [434.0902099609375, 411.7320861816406, 0.896358847618103], [393.64990234375, 343.36676025390625, 0.9701606035232544], [367.8469543457031, 344.0961608886719, 0.984186589717865], [431.9250793457031, 400.1745300292969, 0.9202144145965576], [327.7113342285156, 404.76153564453125, 0.9576191902160645], [410.497802734375, 409.21197509765625, 0.8445800542831421], [249.13186645507812, 418.4393310546875, 0.8875627517700195]]"
IMG_0399.jpg,squat,"[[335.9839782714844, 398.6410217285156, 0.6807188987731934], [341.5903015136719, 392.25726318359375, 0.6076380014419556], [330.2231140136719, 392.97088623046875, 0.6556403636932373], [353.1224365234375, 376.06927490234375, 0.23316383361816406], [321.987548828125, 377.2992858886719, 0.33987754583358765], [366.2727355957031, 354.1448974609375, 0.8889983892440796], [302.5413818359375, 363.28448486328125, 0.9493547677993774], [399.05377197265625, 365.9423828125, 0.9253714084625244], [271.2742614746094, 394.38055419921875, 0.9700260162353516], [406.81890869140625, 394.7215881347656, 0.9168709516525269], [241.35781860351562, 450.33868408203125, 0.9550963044166565], [371.858642578125, 352.7999267578125, 0.9487109780311584], [323.374267578125, 358.2583312988281, 0.9666446447372437], [394.7643127441406, 392.96142578125, 0.7686378955841064], [292.5882263183594, 397.97845458984375, 0.81430584192276], [431.885009765625, 410.80963134765625, 0.4638632535934448], [294.67431640625, 417.6478271484375, 0.5138923525810242]]"
IMG_0402.jpg,slide,"[[210.11192321777344, 385.802490234375, 0.7434665560722351], [207.78274536132812, 381.38824462890625, 0.7372499704360962], [205.81809997558594, 382.56500244140625, 0.36135244369506836], [213.99969482421875, 369.9405517578125, 0.7464982271194458], [200.99618530273438, 373.00213623046875, 0.2036047875881195], [242.94793701171875, 370.5863952636719, 0.9906961917877197], [213.89761352539062, 359.7767028808594, 0.904922604560852], [262.286865234375, 417.42730712890625, 0.9874222278594971], [230.11767578125, 371.5511779785156, 0.7601611614227295], [227.02102661132812, 419.4278564453125, 0.9660081267356873], [232.80111694335938, 374.23333740234375, 0.7462450861930847], [314.72705078125, 364.496337890625, 0.9906691312789917], [292.1254577636719, 365.4767150878906, 0.9712542295455933], [349.20953369140625, 419.0108947753906, 0.9704427719116211], [313.7642822265625, 417.245361328125, 0.9134433269500732], [416.72955322265625, 417.262939453125, 0.9066598415374756], [359.88665771484375, 408.9221496582031, 0.8273051977157593]]"
IMG_0403.jpg,ready,"[[225.44378662109375, 152.10690307617188, 0.9321285486221313], [233.92214965820312, 146.28176879882812, 0.9016088247299194], [221.29124450683594, 145.80941772460938, 0.8094928860664368], [245.39459228515625, 151.7678680419922, 0.7890878319740295], [217.67518615722656, 149.8392333984375, 0.47894349694252014], [246.22149658203125, 188.6478271484375, 0.9870104789733887], [215.37954711914062, 187.8316650390625, 0.9503556489944458], [236.43463134765625, 232.3636474609375, 0.9604623317718506], [212.01260375976562, 232.19873046875, 0.8066715002059937], [224.8217010498047, 216.01654052734375, 0.9126633405685425], [218.3992919921875, 231.99954223632812, 0.7592047452926636], [259.04962158203125, 282.1341552734375, 0.9884203672409058], [231.02906799316406, 285.937255859375, 0.9785256385803223], [296.42108154296875, 351.39324951171875, 0.98103928565979], [237.6810760498047, 362.5492248535156, 0.9677426815032959], [334.6827697753906, 409.6022033691406, 0.9571794271469116], [244.890869140625, 428.99920654296875, 0.9410005211830139]]"
IMG_0405.jpg,lunge,"[[373.5243835449219, 293.00787353515625, 0.9693549275398254], [378.837646484375, 285.6005859375, 0.9433493614196777], [367.216796875, 287.74761962890625, 0.917602002620697], [388.86328125, 284.50762939453125, 0.7969061732292175], [358.130859375, 289.7834167480469, 0.6578987240791321], [397.7950134277344, 303.5038757324219, 0.9933910369873047], [348.1057434082031, 320.1178283691406, 0.9816581010818481], [431.78314208984375, 318.9466552734375, 0.9794261455535889], [345.5407409667969, 361.60382080078125, 0.9258375763893127], [465.18524169921875, 329.3984069824219, 0.9536868333816528], [360.7101135253906, 383.7015686035156, 0.8800491094589233], [381.7908020019531, 365.9884033203125, 0.9945001602172852], [340.1910400390625, 373.7847900390625, 0.9900575876235962], [427.2217712402344, 390.8899841308594, 0.9826812744140625], [313.40582275390625, 403.2816162109375, 0.9720959663391113], [446.311279296875, 441.1651611328125, 0.9461344480514526], [274.2653503417969, 452.2362060546875, 0.9272146224975586]]"
IMG_0406.jpg,lunge,"[[373.700439453125, 293.432373046875, 0.9702600240707397], [378.9575500488281, 286.0796813964844, 0.9441180229187012], [367.34942626953125, 288.1729736328125, 0.9207010865211487], [388.7251892089844, 285.3011474609375, 0.794347882270813], [357.9930419921875, 290.4405212402344, 0.6665074229240417], [397.5296630859375, 304.7877197265625, 0.993374228477478], [347.6727294921875, 321.04156494140625, 0.9821057319641113], [431.7972717285156, 319.6290283203125, 0.979159951210022], [343.33612060546875, 361.9903564453125, 0.9272621273994446], [465.0967712402344, 329.3883056640625, 0.9534327983856201], [356.4394836425781, 386.68377685546875, 0.8820816278457642], [381.81292724609375, 366.8386535644531, 0.9943740367889404], [340.273681640625, 374.5780334472656, 0.9899742007255554], [427.2969970703125, 390.3997802734375, 0.9823201894760132], [313.7121887207031, 402.8793029785156, 0.9718751907348633], [446.63702392578125, 440.66278076171875, 0.9453590512275696], [274.6886291503906, 452.0738525390625, 0.9267642498016357]]"
IMG_0409.jpg,lunge,"[[266.0682678222656, 306.4708251953125, 0.9057906866073608], [273.2014465332031, 299.94903564453125, 0.9268931746482849], [262.1940002441406, 299.87567138671875, 0.6091833114624023], [291.98388671875, 299.83465576171875, 0.8994660377502441], [262.5789489746094, 298.89739990234375, 0.21633470058441162], [312.76226806640625, 330.6601257324219, 0.9927549958229065], [268.6273498535156, 323.40155029296875, 0.907923698425293], [307.8604736328125, 396.588623046875, 0.9843453168869019], [272.6322326660156, 365.2061462402344, 0.6369942426681519], [295.47662353515625, 453.21380615234375, 0.9518781304359436], [273.69677734375, 405.86322021484375, 0.5922568440437317], [350.2207946777344, 390.7466735839844, 0.9881793856620789], [312.3733215332031, 389.1757507324219, 0.9577550888061523], [367.28387451171875, 435.39520263671875, 0.9665956497192383], [272.4552917480469, 426.8959045410156, 0.8872230052947998], [436.5303039550781, 455.90087890625, 0.9181665182113647], [299.5238037109375, 437.8082275390625, 0.8345952033996582]]"
IMG_0411.jpg,lunge,"[[271.2464599609375, 309.72412109375, 0.9541590213775635], [279.5220947265625, 303.2242736816406, 0.9554153680801392], [266.1808776855469, 302.3488464355469, 0.8073792457580566], [296.08148193359375, 305.67633056640625, 0.9084343910217285], [260.8594970703125, 303.0885009765625, 0.3875589370727539], [311.33502197265625, 340.31024169921875, 0.9952720403671265], [260.33233642578125, 328.2269592285156, 0.9605154395103455], [302.696533203125, 398.17822265625, 0.9873759746551514], [253.84645080566406, 352.0765380859375, 0.8154310584068298], [291.672119140625, 450.40887451171875, 0.9604679346084595], [261.8313293457031, 355.1963806152344, 0.7666898369789124], [341.6147155761719, 390.8019714355469, 0.992573618888855], [296.9727478027344, 387.6150817871094, 0.9789806604385376], [373.3227233886719, 430.84356689453125, 0.9751582145690918], [254.7763214111328, 423.9697570800781, 0.932941734790802], [440.85089111328125, 447.5927734375, 0.9256726503372192], [267.616943359375, 433.86480712890625, 0.8668808937072754]]"
IMG_0414.jpg,lunge,"[[459.374267578125, 303.921630859375, 0.9590139985084534], [463.02606201171875, 298.0185546875, 0.786564826965332], [455.14935302734375, 298.33514404296875, 0.9588539600372314], [461.21075439453125, 297.03387451171875, 0.3663672208786011], [438.6878967285156, 297.06243896484375, 0.9128063321113586], [444.0994873046875, 315.1884460449219, 0.9720106720924377], [419.8019714355469, 320.8182678222656, 0.9956204891204834], [453.5358581542969, 353.9864501953125, 0.881847620010376], [437.24755859375, 372.62420654296875, 0.9899998307228088], [468.9530944824219, 349.8103942871094, 0.8277612328529358], [459.64422607421875, 365.5458068847656, 0.9695991277694702], [394.74072265625, 355.7057189941406, 0.9899455308914185], [365.8099670410156, 357.7049560546875, 0.995712399482727], [437.2125549316406, 411.11737060546875, 0.9583796262741089], [333.51190185546875, 424.2899475097656, 0.983253538608551], [433.97967529296875, 410.8011169433594, 0.8927101492881775], [271.6494140625, 436.12939453125, 0.9353703260421753]]"
IMG_0415.jpg,slide,"[[519.7174682617188, 369.379150390625, 0.6671581268310547], [521.0067138671875, 363.3943176269531, 0.23509302735328674], [520.765625, 365.2156982421875, 0.6915891170501709], [506.2091979980469, 345.9018859863281, 0.25240570306777954], [512.4569702148438, 354.223388671875, 0.830535888671875], [468.7018127441406, 324.04827880859375, 0.9324423670768738], [484.3388366699219, 360.8580017089844, 0.9915238618850708], [409.6170349121094, 302.67559814453125, 0.8091394901275635], [446.34197998046875, 412.34228515625, 0.9852888584136963], [396.8505554199219, 317.4561462402344, 0.7481904029846191], [481.13592529296875, 432.11474609375, 0.952965497970581], [386.222900390625, 348.5147705078125, 0.979003369808197], [397.2392272949219, 356.60858154296875, 0.9918241500854492], [360.39727783203125, 407.21484375, 0.9228276014328003], [389.9937438964844, 417.14581298828125, 0.9689935445785522], [268.393310546875, 397.0467529296875, 0.812502384185791], [330.065185546875, 405.03936767578125, 0.8827400803565979]]"
IMG_0417.jpg,ready,"[[473.7021179199219, 127.85301208496094, 0.9589703679084778], [477.11029052734375, 121.0360107421875, 0.8216449022293091], [464.8948974609375, 122.8446044921875, 0.9391722679138184], [481.3366394042969, 126.68228149414062, 0.4916047155857086], [452.0530090332031, 131.033203125, 0.8659135103225708], [487.5645446777344, 170.9853515625, 0.9818497896194458], [447.2098693847656, 168.3603515625, 0.9957365393638611], [483.3863220214844, 233.38345336914062, 0.9066510200500488], [456.7923583984375, 208.1153564453125, 0.9874362945556641], [488.5922546386719, 275.1787109375, 0.8459510803222656], [478.3298034667969, 186.779296875, 0.9649995565414429], [466.18890380859375, 272.59130859375, 0.9950695037841797], [433.0171203613281, 268.84136962890625, 0.9976160526275635], [463.4528503417969, 345.38037109375, 0.9874625205993652], [399.926513671875, 338.9225158691406, 0.9942659139633179], [443.0406799316406, 418.27978515625, 0.9629886150360107], [356.38140869140625, 407.3817138671875, 0.977496862411499]]"
IMG_0418.jpg,ready,"[[477.14337158203125, 131.6171875, 0.9462852478027344], [479.2024230957031, 124.65055847167969, 0.7340960502624512], [468.8900451660156, 126.54000854492188, 0.9320539832115173], [479.6278991699219, 129.32846069335938, 0.3692793548107147], [454.37176513671875, 133.7252197265625, 0.8842754364013672], [483.21124267578125, 171.2418670654297, 0.9750382304191589], [448.159423828125, 169.75303649902344, 0.9961875677108765], [477.4249572753906, 234.03933715820312, 0.8778109550476074], [461.36651611328125, 211.25823974609375, 0.990492582321167], [479.9625244140625, 267.1072998046875, 0.8145832419395447], [480.75848388671875, 181.07598876953125, 0.9716633558273315], [463.6806335449219, 271.89984130859375, 0.9947625398635864], [433.1489562988281, 268.8408203125, 0.9979588985443115], [463.3085632324219, 344.5789794921875, 0.9873868227005005], [400.62109375, 339.3917236328125, 0.9953333735466003], [443.4329833984375, 417.96630859375, 0.9640567302703857], [356.032470703125, 409.4412841796875, 0.9808673858642578]]"
IMG_0419.jpg,slide,"[[200.314453125, 357.41729736328125, 0.7918139100074768], [200.73736572265625, 351.381591796875, 0.8545762300491333], [198.30438232421875, 352.1099853515625, 0.39424651861190796], [214.92869567871094, 341.683837890625, 0.884905993938446], [205.693603515625, 343.34844970703125, 0.18832582235336304], [250.33938598632812, 351.6826171875, 0.9924328923225403], [231.09243774414062, 346.26165771484375, 0.8859780430793762], [260.1297607421875, 412.6495361328125, 0.9845339059829712], [250.68405151367188, 392.41400146484375, 0.6125863194465637], [233.40048217773438, 452.1944580078125, 0.9402427673339844], [231.24398803710938, 437.70599365234375, 0.5504084825515747], [336.1125183105469, 363.44183349609375, 0.9894070625305176], [313.7009582519531, 365.1935119628906, 0.9631728529930115], [385.8504638671875, 425.41705322265625, 0.9752594232559204], [311.71575927734375, 421.7373046875, 0.9203147888183594], [466.7038269042969, 421.1290283203125, 0.9324910044670105], [345.4293212890625, 414.55731201171875, 0.8658092617988586]]"
IMG_0420.jpg,slide,"[[205.19996643066406, 365.16033935546875, 0.7737236022949219], [204.27423095703125, 358.67132568359375, 0.7721937298774719], [200.49302673339844, 360.2442626953125, 0.34400343894958496], [214.52993774414062, 344.171142578125, 0.8041213750839233], [202.90052795410156, 347.8594970703125, 0.19520166516304016], [244.09405517578125, 347.0059509277344, 0.9910123348236084], [226.84970092773438, 346.97552490234375, 0.9216029644012451], [271.1263427734375, 411.8707275390625, 0.9862536787986755], [256.5531005859375, 394.0187072753906, 0.7582013607025146], [238.04180908203125, 452.28857421875, 0.9519287347793579], [238.3857421875, 442.46429443359375, 0.6791865825653076], [337.35467529296875, 365.6834411621094, 0.9862048625946045], [322.2068786621094, 372.3713684082031, 0.9589354991912842], [383.29876708984375, 424.51361083984375, 0.9377375841140747], [341.78826904296875, 428.844970703125, 0.8334450721740723], [459.65057373046875, 420.6360778808594, 0.7937227487564087], [395.1253662109375, 417.28350830078125, 0.6685256361961365]]"
IMG_0421.jpg,ready,"[[264.5450744628906, 145.83267211914062, 0.929178774356842], [272.4790954589844, 139.61782836914062, 0.9251513481140137], [261.05377197265625, 139.56724548339844, 0.7581881880760193], [286.42999267578125, 144.32691955566406, 0.8807300329208374], [264.1918640136719, 143.20904541015625, 0.4462520480155945], [284.6773681640625, 183.30514526367188, 0.9912839531898499], [272.466552734375, 183.81167602539062, 0.9516082406044006], [271.37957763671875, 235.37030029296875, 0.9711179733276367], [272.336181640625, 232.03451538085938, 0.7481141090393066], [249.16061401367188, 278.51971435546875, 0.9279512166976929], [253.0042724609375, 276.03826904296875, 0.6961253881454468], [294.46795654296875, 279.3005676269531, 0.9919496774673462], [279.9100341796875, 282.50079345703125, 0.9808443784713745], [322.9959716796875, 345.4375, 0.986445426940918], [275.51336669921875, 357.4203186035156, 0.9700738191604614], [360.3485107421875, 409.1958923339844, 0.96712327003479], [279.04022216796875, 428.3247375488281, 0.9466385841369629]]"
IMG_0425.jpg,slide,"[[323.730224609375, 344.79022216796875, 0.7464197874069214], [330.19451904296875, 341.8055419921875, 0.2770218849182129], [323.7879638671875, 337.4195251464844, 0.8154017329216003], [330.8868713378906, 339.6251220703125, 0.051264673471450806], [315.6186828613281, 327.865234375, 0.8265774250030518], [319.2721252441406, 345.4471435546875, 0.9240508079528809], [281.21405029296875, 334.4142150878906, 0.9881577491760254], [359.6632080078125, 377.3838806152344, 0.7834422588348389], [269.36309814453125, 369.18634033203125, 0.9902268648147583], [407.36212158203125, 420.2032775878906, 0.767725944519043], [271.51129150390625, 426.497314453125, 0.9745009541511536], [284.79229736328125, 375.06390380859375, 0.9523153305053711], [254.99285888671875, 373.34942626953125, 0.9830859899520874], [360.3042297363281, 388.7414855957031, 0.7469204664230347], [296.3770751953125, 387.28204345703125, 0.9117008447647095], [407.9212646484375, 412.2681884765625, 0.568467915058136], [310.5809326171875, 411.2420959472656, 0.7656205892562866]]"
IMG_0427.jpg,slide,"[[380.5992126464844, 351.32843017578125, 0.8047609925270081], [380.2178955078125, 343.8382873535156, 0.8577154874801636], [374.1061096191406, 346.73736572265625, 0.35269516706466675], [389.0975646972656, 329.22735595703125, 0.8166791200637817], [376.737060546875, 335.1873779296875, 0.07474654912948608], [430.0123291015625, 331.8426208496094, 0.9772311449050903], [388.6882629394531, 335.7044677734375, 0.9230055212974548], [459.121826171875, 368.4300842285156, 0.9725031852722168], [366.33453369140625, 363.6542053222656, 0.7096439599990845], [458.67205810546875, 435.361328125, 0.9488869905471802], [340.8877258300781, 400.3759765625, 0.7249987125396729], [480.4573059082031, 363.7189636230469, 0.9760780334472656], [452.1866455078125, 365.91937255859375, 0.9536225199699402], [456.3983459472656, 392.4883117675781, 0.9385255575180054], [416.02618408203125, 394.39373779296875, 0.8500083088874817], [438.1272888183594, 413.0389099121094, 0.8624820709228516], [382.88800048828125, 411.806884765625, 0.7555205821990967]]"
IMG_0429.jpg,slide,"[[458.5107421875, 396.54156494140625, 0.8357771635055542], [460.3678894042969, 388.6215515136719, 0.722625732421875], [451.2981872558594, 389.90966796875, 0.6724319458007812], [476.0708923339844, 371.688720703125, 0.5328764319419861], [441.04779052734375, 377.095458984375, 0.3959316313266754], [501.154296875, 364.63116455078125, 0.9722410440444946], [427.1159362792969, 359.7292785644531, 0.961745023727417], [518.267578125, 401.2769775390625, 0.961593508720398], [402.18316650390625, 388.6012878417969, 0.945122480392456], [525.2910766601562, 461.8026123046875, 0.9175376892089844], [406.30615234375, 439.5596923828125, 0.8937921524047852], [476.45465087890625, 353.6552429199219, 0.9880721569061279], [418.029541015625, 346.8922119140625, 0.9858615398406982], [510.2051086425781, 431.5101623535156, 0.9303158521652222], [364.1188659667969, 415.538330078125, 0.9194207191467285], [506.6990966796875, 428.64825439453125, 0.7565020322799683], [297.59552001953125, 401.84417724609375, 0.7329152226448059]]"
IMG_0430.jpg,squat,"[[324.51416015625, 256.880126953125, 0.9121361970901489], [333.26788330078125, 253.2860107421875, 0.8835710287094116], [324.9520263671875, 249.71670532226562, 0.7475636601448059], [348.7938232421875, 258.8313293457031, 0.7662026882171631], [325.3599853515625, 248.49533081054688, 0.4010014533996582], [353.81787109375, 282.3222351074219, 0.9871740937232971], [312.8752746582031, 266.8487548828125, 0.9570505619049072], [367.33758544921875, 320.9693908691406, 0.9695252180099487], [293.6656494140625, 292.4145202636719, 0.8667122721672058], [397.7344055175781, 339.073486328125, 0.9325369000434875], [285.58599853515625, 320.5921325683594, 0.8124704360961914], [350.71478271484375, 330.12908935546875, 0.9944738149642944], [311.38104248046875, 325.75872802734375, 0.9895124435424805], [399.86279296875, 348.5989685058594, 0.9909610152244568], [269.21148681640625, 348.325439453125, 0.9847676157951355], [447.9307556152344, 405.01861572265625, 0.9800156354904175], [250.58868408203125, 412.923828125, 0.973098635673523]]"
IMG_0432.jpg,squat,"[[365.00787353515625, 261.00433349609375, 0.9331547021865845], [365.0460205078125, 252.58380126953125, 0.7910792827606201], [357.14459228515625, 256.95477294921875, 0.8811318278312683], [368.8114929199219, 249.66006469726562, 0.42504602670669556], [343.21282958984375, 260.90545654296875, 0.66517174243927], [384.67462158203125, 266.09515380859375, 0.9701097011566162], [339.73193359375, 281.08380126953125, 0.9832323789596558], [400.60772705078125, 293.4618835449219, 0.9252604246139526], [319.78045654296875, 317.04339599609375, 0.9666979312896729], [418.7705078125, 317.42718505859375, 0.8803650140762329], [291.127197265625, 333.1883850097656, 0.936005711555481], [394.5074157714844, 320.4142761230469, 0.9894593358039856], [353.66522216796875, 326.005126953125, 0.9923503398895264], [424.572998046875, 341.22479248046875, 0.9754152297973633], [300.00885009765625, 345.90850830078125, 0.9817925691604614], [452.1631774902344, 405.0467529296875, 0.9491397142410278], [254.59652709960938, 405.369873046875, 0.9573776721954346]]"
IMG_0434.jpg,squat,"[[297.8667907714844, 222.314697265625, 0.9777301549911499], [305.5186767578125, 215.19635009765625, 0.9441773891448975], [291.4248046875, 215.60833740234375, 0.9417212605476379], [318.65216064453125, 214.0540771484375, 0.759494960308075], [281.0419616699219, 214.61648559570312, 0.7213059663772583], [335.4250183105469, 240.73666381835938, 0.9909716248512268], [269.21807861328125, 242.5220947265625, 0.9917473793029785], [354.09710693359375, 290.0172119140625, 0.971165120601654], [266.1404113769531, 283.85302734375, 0.9723978042602539], [361.3560485839844, 333.00262451171875, 0.9506203532218933], [265.1469421386719, 310.1149597167969, 0.9518705606460571], [347.27362060546875, 312.10235595703125, 0.9942015409469604], [292.08648681640625, 314.56182861328125, 0.9942874908447266], [398.1591491699219, 355.2176818847656, 0.9830371737480164], [258.19390869140625, 353.7095642089844, 0.9838942289352417], [455.5242004394531, 408.72735595703125, 0.9563608765602112], [259.0951232910156, 406.2622985839844, 0.9592075347900391]]"
IMG_0436.jpg,slide,"[[284.4237365722656, 322.46649169921875, 0.9588522911071777], [293.2250061035156, 319.43505859375, 0.9259855151176453], [282.37841796875, 313.492919921875, 0.8969178199768066], [302.97314453125, 322.3632507324219, 0.7882606387138367], [272.54278564453125, 307.2490539550781, 0.6500078439712524], [303.6277770996094, 352.5446472167969, 0.9908228516578674], [249.1728515625, 312.67291259765625, 0.9790234565734863], [294.34490966796875, 404.7733154296875, 0.9686157703399658], [226.34397888183594, 312.2051086425781, 0.9215797185897827], [294.567626953125, 447.01220703125, 0.917153000831604], [214.81280517578125, 330.11566162109375, 0.8666175007820129], [295.0680236816406, 382.1388854980469, 0.9872339963912964], [247.5838623046875, 367.33721923828125, 0.9823964834213257], [360.90533447265625, 396.6502380371094, 0.9605953693389893], [236.19094848632812, 374.40203857421875, 0.9476296901702881], [424.8959655761719, 407.2948913574219, 0.9102923274040222], [246.87432861328125, 389.563232421875, 0.8918894529342651]]"
IMG_0438.jpg,slide,"[[273.8474426269531, 309.08721923828125, 0.9675699472427368], [281.5096130371094, 304.35980224609375, 0.9375917911529541], [269.1191101074219, 300.46234130859375, 0.9207993745803833], [291.43682861328125, 307.74896240234375, 0.7764179110527039], [254.99842834472656, 296.86419677734375, 0.6950491666793823], [301.3307189941406, 342.957763671875, 0.9912107586860657], [235.481689453125, 309.4902038574219, 0.9823645353317261], [296.3692932128906, 393.63787841796875, 0.9649021625518799], [221.29299926757812, 308.13385009765625, 0.9249083399772644], [298.2454833984375, 446.91412353515625, 0.9072706699371338], [219.4873046875, 318.07159423828125, 0.8697985410690308], [313.7262878417969, 383.6720886230469, 0.9878593683242798], [259.5295104980469, 371.6134033203125, 0.9843448400497437], [365.20184326171875, 388.182373046875, 0.9677196145057678], [233.54495239257812, 362.9538879394531, 0.9587107300758362], [438.7754211425781, 415.8456726074219, 0.9333133697509766], [261.57806396484375, 386.1815490722656, 0.922325849533081]]"
IMG_0441.jpg,slide,"[[450.0274353027344, 292.6468505859375, 0.976615846157074], [454.9897766113281, 285.5899658203125, 0.9031331539154053], [441.8848876953125, 286.5151672363281, 0.9694103002548218], [464.2755126953125, 284.9176025390625, 0.5367168188095093], [427.3964538574219, 288.0187683105469, 0.8816721439361572], [464.9410705566406, 302.77984619140625, 0.9804779291152954], [413.58074951171875, 314.1338195800781, 0.9954943656921387], [469.912109375, 332.40582275390625, 0.915692925453186], [399.97161865234375, 374.4542541503906, 0.9879473447799683], [470.66436767578125, 351.3448791503906, 0.8524386882781982], [392.22222900390625, 443.0799560546875, 0.9600198864936829], [432.280029296875, 354.94305419921875, 0.9922373294830322], [384.6250305175781, 357.9059753417969, 0.9962078332901001], [474.70977783203125, 363.8668212890625, 0.9746761322021484], [333.9464111328125, 371.99395751953125, 0.9880495071411133], [455.7862548828125, 396.9621276855469, 0.9448623657226562], [256.62237548828125, 413.4098815917969, 0.9643426537513733]]"
IMG_0442.jpg,slide,"[[448.0152587890625, 290.10772705078125, 0.979024350643158], [452.7608337402344, 282.76007080078125, 0.907149076461792], [439.57012939453125, 284.1431579589844, 0.9719923734664917], [462.1601867675781, 282.72235107421875, 0.5214459896087646], [426.1945495605469, 287.3011474609375, 0.8795454502105713], [465.64703369140625, 304.36474609375, 0.9778794050216675], [416.6102294921875, 317.6820068359375, 0.9954183101654053], [474.4784240722656, 331.9978942871094, 0.9026147723197937], [400.1318664550781, 380.25958251953125, 0.9883264303207397], [476.4185791015625, 347.32275390625, 0.8515170812606812], [390.76666259765625, 443.9615478515625, 0.9664828777313232], [437.29339599609375, 366.04736328125, 0.9893991351127625], [392.48992919921875, 369.6375427246094, 0.9952351450920105], [477.06341552734375, 363.01544189453125, 0.9654108285903931], [346.736572265625, 373.2428894042969, 0.9849539995193481], [453.9918212890625, 395.39569091796875, 0.9350869059562683], [267.7269287109375, 415.17547607421875, 0.9600638151168823]]"
IMG_0443.jpg,ready,"[[350.6023864746094, 267.0887451171875, 0.9262071847915649], [353.8406677246094, 260.6241760253906, 0.8079860210418701], [343.97637939453125, 261.26898193359375, 0.8956224918365479], [359.0690002441406, 264.2439880371094, 0.4733718931674957], [331.2319641113281, 265.0917053222656, 0.7611874341964722], [367.46917724609375, 298.8415222167969, 0.9851003885269165], [319.8927001953125, 301.4784240722656, 0.9922984838485718], [377.15496826171875, 340.673583984375, 0.9041225910186768], [306.5528564453125, 347.05322265625, 0.9593948125839233], [371.2552185058594, 362.54766845703125, 0.8544061183929443], [313.8272399902344, 373.9273681640625, 0.9179513454437256], [373.8671569824219, 375.79840087890625, 0.9819139838218689], [339.0919494628906, 378.65643310546875, 0.9876117706298828], [406.0748291015625, 407.4248046875, 0.930849552154541], [343.2374267578125, 410.39453125, 0.9491459131240845], [416.2473449707031, 440.4786376953125, 0.8438355922698975], [332.6705017089844, 443.99517822265625, 0.8712045550346375]]"
IMG_0444.jpg,ready,"[[347.9547119140625, 265.2554931640625, 0.9320132732391357], [351.36212158203125, 258.848876953125, 0.8301928043365479], [341.42431640625, 259.56561279296875, 0.898705244064331], [357.1174621582031, 262.70166015625, 0.5108487606048584], [329.48291015625, 263.8663024902344, 0.7481794953346252], [366.8139953613281, 297.3463439941406, 0.9863836169242859], [318.5684814453125, 300.70172119140625, 0.9922350645065308], [379.2875061035156, 337.92645263671875, 0.9128992557525635], [305.7274169921875, 345.811767578125, 0.9569380283355713], [375.2441711425781, 358.99835205078125, 0.8655129671096802], [313.7256164550781, 371.5946044921875, 0.9154142737388611], [372.9347229003906, 374.39654541015625, 0.9828130602836609], [337.9109191894531, 377.5133056640625, 0.987597644329071], [405.3419189453125, 406.3924560546875, 0.9348410367965698], [342.5788269042969, 409.57861328125, 0.9495048522949219], [414.1919250488281, 440.12042236328125, 0.8515065908432007], [331.4992370605469, 443.7860107421875, 0.873146653175354]]"
IMG_0445.jpg,ready,"[[364.35107421875, 270.3343200683594, 0.9478113651275635], [370.81304931640625, 263.57720947265625, 0.9198207855224609], [358.0177307128906, 264.131591796875, 0.8952299356460571], [381.03216552734375, 267.23101806640625, 0.7434850931167603], [347.98583984375, 268.1094055175781, 0.6340780258178711], [392.634765625, 304.298095703125, 0.9903589487075806], [336.6603088378906, 301.6597900390625, 0.9914032220840454], [403.11865234375, 353.7177734375, 0.9489086866378784], [324.0174255371094, 340.9788818359375, 0.9394663572311401], [394.7906494140625, 385.3109130859375, 0.9162836670875549], [335.782958984375, 356.30804443359375, 0.8988555073738098], [377.50439453125, 382.6414489746094, 0.9849339723587036], [339.8847961425781, 380.4013671875, 0.9856157302856445], [366.098388671875, 394.99444580078125, 0.9520750045776367], [312.73358154296875, 392.33636474609375, 0.9465510249137878], [369.1258850097656, 432.07708740234375, 0.8998937606811523], [319.32574462890625, 429.29718017578125, 0.8921430706977844]]"
IMG_0446.jpg,ready,"[[364.3350524902344, 270.408447265625, 0.9512674808502197], [371.7091369628906, 264.29815673828125, 0.9310445189476013], [359.1903076171875, 263.73345947265625, 0.8888978958129883], [382.4405517578125, 268.4320983886719, 0.7803539037704468], [349.6964111328125, 266.4063720703125, 0.5782661437988281], [391.57708740234375, 304.23162841796875, 0.992091953754425], [336.39764404296875, 298.2950134277344, 0.9914877414703369], [405.4855651855469, 353.2203063964844, 0.9654675722122192], [325.22406005859375, 336.2879638671875, 0.9401062726974487], [397.5107421875, 387.9619445800781, 0.9422937035560608], [335.0472106933594, 358.1820373535156, 0.9054520130157471], [374.4034118652344, 381.51715087890625, 0.9885778427124023], [337.14813232421875, 377.7769775390625, 0.98783278465271], [357.5311279296875, 394.28997802734375, 0.9654639363288879], [303.7850036621094, 390.00390625, 0.9553852677345276], [377.4441833496094, 436.833251953125, 0.9245740175247192], [325.4864196777344, 432.11456298828125, 0.9087424874305725]]"
IMG_0452.jpg,rhythm_box,"[[322.85870361328125, 138.99249267578125, 0.9763903617858887], [327.45611572265625, 131.60989379882812, 0.9261693954467773], [314.4466247558594, 134.0157470703125, 0.9738020300865173], [337.0389404296875, 135.45831298828125, 0.5281480550765991], [304.02667236328125, 142.2701416015625, 0.9069803953170776], [351.7367248535156, 175.76719665527344, 0.9842574596405029], [297.9029846191406, 187.16778564453125, 0.9967470169067383], [366.58172607421875, 226.33929443359375, 0.847484827041626], [296.4624328613281, 245.62179565429688, 0.9837185740470886], [369.93902587890625, 277.9160461425781, 0.8054779767990112], [309.61627197265625, 290.81634521484375, 0.9598436951637268], [353.0368347167969, 272.74481201171875, 0.9653733372688293], [318.3588562011719, 278.7942199707031, 0.9858260154724121], [365.8572998046875, 316.445068359375, 0.8395482301712036], [335.5843505859375, 322.1457214355469, 0.9287575483322144], [342.26544189453125, 388.754638671875, 0.640645444393158], [321.5877685546875, 396.3554382324219, 0.7842642664909363]]"
IMG_0454.jpg,rhythm_box,"[[367.44073486328125, 141.3816375732422, 0.9759404063224792], [372.3427734375, 134.95082092285156, 0.939219057559967], [358.399658203125, 135.34869384765625, 0.929520845413208], [383.88836669921875, 138.92340087890625, 0.8224564790725708], [350.4332275390625, 142.80642700195312, 0.7573754787445068], [405.521728515625, 182.4384765625, 0.9960302114486694], [341.4205322265625, 183.1640625, 0.9945876598358154], [413.40625, 223.3980712890625, 0.9796128869056702], [318.83050537109375, 231.22393798828125, 0.9717473983764648], [438.7935791015625, 264.2708435058594, 0.9472249746322632], [293.9988708496094, 276.09716796875, 0.9336117506027222], [383.9754333496094, 280.2762451171875, 0.9965478181838989], [341.49420166015625, 274.14398193359375, 0.9960685968399048], [381.93798828125, 355.1405334472656, 0.9861080646514893], [321.49298095703125, 322.6938781738281, 0.984317421913147], [376.1881103515625, 418.1192626953125, 0.9429410696029663], [303.9298095703125, 365.09405517578125, 0.9403063654899597]]"
IMG_0455.jpg,rhythm_box,"[[376.6842041015625, 135.227783203125, 0.9696434736251831], [381.4937438964844, 128.34039306640625, 0.9387940764427185], [367.2612609863281, 129.18609619140625, 0.8922982215881348], [393.4097900390625, 132.64572143554688, 0.8484946489334106], [359.6680908203125, 136.85586547851562, 0.683366596698761], [419.4806823730469, 174.73565673828125, 0.9970470666885376], [350.64239501953125, 176.69265747070312, 0.9926433563232422], [434.20355224609375, 215.88705444335938, 0.987023115158081], [332.5846252441406, 229.3892822265625, 0.9575569033622742], [459.9543762207031, 256.27130126953125, 0.9641886949539185], [309.3279113769531, 266.72686767578125, 0.9159748554229736], [388.45013427734375, 277.6086730957031, 0.9973775148391724], [343.63006591796875, 269.5012512207031, 0.995660126209259], [376.4389953613281, 350.7808532714844, 0.9897832870483398], [312.1662292480469, 309.0009765625, 0.9841208457946777], [370.79754638671875, 428.7463684082031, 0.9554622769355774], [297.9745178222656, 355.380615234375, 0.9450997114181519]]"
IMG_0457.jpg,rhythm_box,"[[337.4896545410156, 141.41998291015625, 0.9811756610870361], [344.5391540527344, 136.332275390625, 0.9627863168716431], [332.61346435546875, 134.95419311523438, 0.9662353992462158], [352.78106689453125, 143.34884643554688, 0.7717210054397583], [320.9962158203125, 139.20620727539062, 0.7968223094940186], [356.6370849609375, 182.6279296875, 0.9968172311782837], [301.6180114746094, 178.37100219726562, 0.9981496334075928], [371.07489013671875, 226.7567138671875, 0.9836034774780273], [279.5677795410156, 216.82049560546875, 0.9879964590072632], [394.4869079589844, 273.5709228515625, 0.9714857339859009], [275.6990051269531, 253.39599609375, 0.9749220609664917], [354.7261962890625, 272.21075439453125, 0.9981374740600586], [315.8761291503906, 272.40301513671875, 0.998576283454895], [380.1943359375, 336.08563232421875, 0.9929423332214355], [314.1535949707031, 336.11334228515625, 0.9934751391410828], [411.3098449707031, 396.13128662109375, 0.9774816036224365], [317.4322204589844, 395.5621337890625, 0.9782847166061401]]"
IMG_0449.jpg,rhythm_box,"[[362.5156555175781, 138.30987548828125, 0.9776278734207153], [369.94110107421875, 132.65536499023438, 0.9571498036384583], [356.9932861328125, 131.81610107421875, 0.9610677361488342], [379.85333251953125, 139.140625, 0.7675080299377441], [346.7373046875, 137.05221557617188, 0.8007041215896606], [391.22027587890625, 181.06045532226562, 0.9947369694709778], [329.072021484375, 177.88043212890625, 0.9976235628128052], [407.13360595703125, 227.5286865234375, 0.9684618711471558], [309.393310546875, 219.82571411132812, 0.9854464530944824], [403.90478515625, 268.7267761230469, 0.9512463808059692], [295.54754638671875, 262.9239807128906, 0.9696460962295532], [370.7673645019531, 270.6404113769531, 0.9940704107284546], [333.4906311035156, 268.69439697265625, 0.9960376620292664], [362.07611083984375, 316.088134765625, 0.9734224081039429], [336.7385559082031, 313.7304992675781, 0.9786515235900879], [361.4720458984375, 368.0894775390625, 0.9136635065078735], [355.7954406738281, 365.6343994140625, 0.9257547855377197]]"
IMG_0450.jpg,rhythm_box,"[[367.1009216308594, 141.8816375732422, 0.9740866422653198], [374.42755126953125, 137.03729248046875, 0.9548077583312988], [362.2571105957031, 135.24563598632812, 0.9437446594238281], [383.1878662109375, 143.88186645507812, 0.7942643761634827], [352.6170959472656, 139.23532104492188, 0.7083077430725098], [388.53350830078125, 184.2071533203125, 0.9943263530731201], [332.6761779785156, 176.4505615234375, 0.9957143068313599], [390.298828125, 239.894287109375, 0.9724581837654114], [302.9742126464844, 220.49490356445312, 0.9718968868255615], [390.46453857421875, 283.71533203125, 0.9536716341972351], [286.1136474609375, 260.66217041015625, 0.949823260307312], [363.16754150390625, 267.3639221191406, 0.9921151995658875], [329.4856262207031, 264.60137939453125, 0.9929936528205872], [373.44134521484375, 331.5730895996094, 0.9676451086997986], [361.5210876464844, 329.56097412109375, 0.9664526581764221], [355.1995544433594, 404.123046875, 0.8841007947921753], [359.83544921875, 401.02301025390625, 0.8794257640838623]]"
IMG_0459.jpg,rhythm_box,"[[356.3510437011719, 140.920166015625, 0.9680131673812866], [364.27154541015625, 136.5440673828125, 0.916985034942627], [350.39178466796875, 134.42898559570312, 0.9309547543525696], [373.7729797363281, 143.31793212890625, 0.7401469349861145], [338.61700439453125, 137.9115753173828, 0.7886464595794678], [384.8708190917969, 183.48684692382812, 0.9890098571777344], [321.8775939941406, 177.2884521484375, 0.9917680025100708], [390.0360107421875, 232.36764526367188, 0.942530632019043], [314.9354248046875, 225.35586547851562, 0.9559692740440369], [396.2375183105469, 280.23272705078125, 0.8925919532775879], [304.5098571777344, 261.6720275878906, 0.9120561480522156], [374.57293701171875, 271.5924072265625, 0.9833561778068542], [334.3981628417969, 265.3218078613281, 0.9848600625991821], [364.205078125, 328.19793701171875, 0.9495425224304199], [320.97528076171875, 295.9828796386719, 0.9534485936164856], [387.4266662597656, 389.5385437011719, 0.8667495846748352], [363.4252014160156, 338.5155944824219, 0.8790611028671265]]"
IMG_0466.jpg,rhythm_box,"[[334.908447265625, 143.88235473632812, 0.9693442583084106], [341.2869873046875, 139.6402587890625, 0.9043647646903992], [327.3746337890625, 138.3769989013672, 0.9371827840805054], [350.2950439453125, 147.87387084960938, 0.6657029986381531], [316.5901794433594, 146.34902954101562, 0.7855905890464783], [356.80523681640625, 188.57504272460938, 0.9848722815513611], [312.1755065917969, 188.77288818359375, 0.9913581609725952], [380.1470947265625, 227.34719848632812, 0.9354367256164551], [299.5476379394531, 236.11334228515625, 0.970237135887146], [411.5739440917969, 252.00079345703125, 0.9157416224479675], [321.13623046875, 265.8860778808594, 0.9545179009437561], [354.9096984863281, 263.5476379394531, 0.983734130859375], [329.4121398925781, 265.75872802734375, 0.9878256916999817], [364.62176513671875, 340.6914978027344, 0.9562554955482483], [357.6361389160156, 348.8658752441406, 0.9695271253585815], [324.153564453125, 399.8808898925781, 0.8658856153488159], [329.6412353515625, 414.8216552734375, 0.8919728398323059]]"
IMG_0467.jpg,rhythm_box,"[[326.73919677734375, 135.54666137695312, 0.973051905632019], [333.3799133300781, 130.29420471191406, 0.9163845777511597], [319.0209045410156, 130.61138916015625, 0.9388104677200317], [342.08563232421875, 136.86203002929688, 0.714013397693634], [307.37152099609375, 137.169921875, 0.8235681056976318], [347.36968994140625, 173.7410430908203, 0.9934793710708618], [298.47601318359375, 177.0517578125, 0.9949250221252441], [381.7110900878906, 210.02740478515625, 0.966231107711792], [281.65740966796875, 220.92831420898438, 0.97547447681427], [417.57073974609375, 238.851318359375, 0.935344398021698], [269.6685485839844, 261.1660461425781, 0.9513405561447144], [345.75341796875, 258.5044250488281, 0.9960917234420776], [315.01702880859375, 263.8222351074219, 0.9963300228118896], [372.9888916015625, 320.9917907714844, 0.9899017810821533], [343.3037414550781, 331.89691162109375, 0.991723895072937], [375.95916748046875, 390.5711669921875, 0.9640960097312927], [347.7995910644531, 406.4987487792969, 0.9695963859558105]]"
IMG_0468.jpg,rhythm_box,"[[317.2757568359375, 144.81887817382812, 0.9763364791870117], [324.14984130859375, 139.3485107421875, 0.9158378839492798], [308.815185546875, 139.08660888671875, 0.9508793354034424], [333.4980163574219, 145.2677459716797, 0.6913912296295166], [296.429443359375, 145.141845703125, 0.853218138217926], [341.0035095214844, 183.56024169921875, 0.9923808574676514], [288.9288635253906, 189.05682373046875, 0.9965471625328064], [364.9778747558594, 214.787109375, 0.9581068754196167], [258.5214538574219, 233.75802612304688, 0.9846539497375488], [395.1521301269531, 227.4605712890625, 0.9294662475585938], [224.89151000976562, 262.3178405761719, 0.967763364315033], [341.0154113769531, 277.3394775390625, 0.9960671663284302], [309.0304870605469, 281.16937255859375, 0.9972414970397949], [351.10870361328125, 349.7611999511719, 0.9882765412330627], [320.1285400390625, 355.8470764160156, 0.9925699234008789], [332.19244384765625, 411.3261413574219, 0.9550671577453613], [306.8210754394531, 422.3513488769531, 0.9676613807678223]]"
IMG_0472.jpg,rhythm_box,"[[329.344482421875, 131.8151092529297, 0.9772242307662964], [335.29534912109375, 127.48800659179688, 0.9111238718032837], [321.1747741699219, 126.60415649414062, 0.9561164379119873], [342.4697265625, 134.7810821533203, 0.6637879014015198], [307.1884765625, 133.608154296875, 0.8631205558776855], [352.24847412109375, 175.5156707763672, 0.9928051233291626], [295.49957275390625, 174.53646850585938, 0.9962469339370728], [388.29058837890625, 201.04608154296875, 0.9590389728546143], [271.20263671875, 209.9864501953125, 0.9841735363006592], [430.59130859375, 200.74099731445312, 0.9303548336029053], [252.27426147460938, 242.60284423828125, 0.965764582157135], [341.603271484375, 271.9331359863281, 0.9966291785240173], [306.69500732421875, 271.986572265625, 0.9975736141204834], [348.25604248046875, 348.77130126953125, 0.9898117184638977], [311.02923583984375, 349.0716552734375, 0.9931363463401794], [336.4066467285156, 415.8509521484375, 0.9601852893829346], [296.74725341796875, 421.49139404296875, 0.9691362380981445]]"
IMG_0475.jpg,rhythm_box,"[[322.0638427734375, 118.1533203125, 0.9751539826393127], [329.10791015625, 112.30747985839844, 0.9181174039840698], [314.3943176269531, 112.95260620117188, 0.9415125846862793], [338.68206787109375, 118.87696838378906, 0.7229068875312805], [303.44708251953125, 119.87335205078125, 0.8295686841011047], [345.3144226074219, 160.55723571777344, 0.9944404363632202], [293.36474609375, 163.95118713378906, 0.9961750507354736], [377.57501220703125, 205.26535034179688, 0.9705846905708313], [272.7167663574219, 212.11505126953125, 0.981542706489563], [404.60430908203125, 242.71954345703125, 0.9434022903442383], [252.81187438964844, 255.29843139648438, 0.9618880748748779], [341.1560363769531, 250.59686279296875, 0.9973006248474121], [308.50341796875, 255.769287109375, 0.997632622718811], [367.52532958984375, 313.14434814453125, 0.9933887720108032], [332.76177978515625, 325.9625244140625, 0.9949190616607666], [372.83331298828125, 383.60614013671875, 0.976417064666748], [337.73150634765625, 404.4233093261719, 0.9808403849601746]]"
IMG_0477.jpg,rhythm_box,"[[315.4970397949219, 127.60531616210938, 0.9733425378799438], [325.898193359375, 120.48764038085938, 0.8947896957397461], [310.30499267578125, 122.707275390625, 0.9646741151809692], [335.6659240722656, 125.20939636230469, 0.5331371426582336], [296.0481872558594, 125.78009033203125, 0.8659791946411133], [325.4886779785156, 158.49124145507812, 0.9738715887069702], [284.76324462890625, 169.02186584472656, 0.9942679405212402], [355.421142578125, 200.01089477539062, 0.8850070834159851], [280.6175842285156, 208.2542724609375, 0.9826184511184692], [354.9225769042969, 232.63787841796875, 0.8621619939804077], [307.1431884765625, 243.4588623046875, 0.9658838510513306], [341.37823486328125, 243.91455078125, 0.9916768074035645], [304.8750915527344, 260.9597473144531, 0.9958764314651489], [382.1141357421875, 238.02520751953125, 0.9875894784927368], [296.7021179199219, 300.8630676269531, 0.9944517612457275], [427.57061767578125, 286.62579345703125, 0.9784233570098877], [312.78369140625, 388.058837890625, 0.9868268370628357]]"
IMG_0478.jpg,rhythm_box,"[[324.4305725097656, 151.74131774902344, 0.9747282266616821], [331.29949951171875, 146.97308349609375, 0.8929413557052612], [318.3121337890625, 146.8491668701172, 0.9593138694763184], [338.79290771484375, 153.37774658203125, 0.6107015609741211], [307.5096130371094, 151.753173828125, 0.8790338039398193], [345.7803649902344, 190.35455322265625, 0.9862319231033325], [300.02252197265625, 194.43832397460938, 0.9948699474334717], [396.62188720703125, 204.38201904296875, 0.9224106073379517], [318.9141845703125, 236.26898193359375, 0.9812260270118713], [431.97845458984375, 191.64230346679688, 0.8955045938491821], [367.86328125, 265.21209716796875, 0.9620930552482605], [332.78704833984375, 278.9482116699219, 0.9864116907119751], [304.304931640625, 281.8663635253906, 0.9916989207267761], [324.1949462890625, 342.7239685058594, 0.9554532766342163], [309.2122802734375, 355.2664489746094, 0.9746766090393066], [313.9615478515625, 400.316650390625, 0.8486661314964294], [311.2467041015625, 424.33612060546875, 0.8890185356140137]]"
IMG_0479.jpg,rhythm_box,"[[330.4437255859375, 133.61956787109375, 0.9675815105438232], [337.48504638671875, 127.40034484863281, 0.8419420123100281], [324.77227783203125, 129.27162170410156, 0.9658099412918091], [342.1585998535156, 133.67433166503906, 0.4369346499443054], [309.0259094238281, 134.71121215820312, 0.9099934697151184], [335.0504150390625, 171.28883361816406, 0.9739980697631836], [295.4609069824219, 177.3631591796875, 0.9959810376167297], [353.6031799316406, 224.33831787109375, 0.8605830669403076], [300.3539123535156, 227.7158203125, 0.9878180027008057], [354.88165283203125, 263.4557800292969, 0.805781900882721], [323.8008117675781, 272.0933837890625, 0.9683356881141663], [348.878662109375, 252.3089599609375, 0.9942631721496582], [313.0822448730469, 264.933349609375, 0.9977492094039917], [400.9747619628906, 279.5793762207031, 0.9908818006515503], [310.7518310546875, 324.61907958984375, 0.9967467188835144], [442.864501953125, 335.4969482421875, 0.983005702495575], [315.1077880859375, 412.07427978515625, 0.9909700155258179]]"
IMG_0487.jpg,rhythm_box,"[[331.0765380859375, 116.81674194335938, 0.9638108015060425], [339.0923156738281, 112.80093383789062, 0.9148637652397156], [325.2678527832031, 113.46076965332031, 0.8951036930084229], [350.07525634765625, 120.802001953125, 0.7617021799087524], [317.3153381347656, 121.13844299316406, 0.65389484167099], [354.2592468261719, 153.0100555419922, 0.9931582808494568], [308.3990173339844, 152.50904846191406, 0.987825870513916], [384.01800537109375, 148.95623779296875, 0.9784257411956787], [283.30084228515625, 141.49847412109375, 0.9549747705459595], [395.8368225097656, 107.87469482421875, 0.9633629322052002], [288.07464599609375, 103.80618286132812, 0.9387415647506714], [351.115478515625, 242.8443603515625, 0.995855987071991], [321.80596923828125, 247.1282958984375, 0.994369626045227], [349.2671203613281, 297.6528015136719, 0.9894410967826843], [325.3839111328125, 319.747802734375, 0.9865154027938843], [364.1224060058594, 370.655517578125, 0.9559161067008972], [340.33050537109375, 406.7127380371094, 0.9481502771377563]]"
IMG_0499.jpg,rhythm_box,"[[341.4261169433594, 140.71575927734375, 0.9734629392623901], [349.11224365234375, 136.21128845214844, 0.9383673667907715], [335.0699462890625, 137.7568359375, 0.915734589099884], [359.7996520996094, 143.68338012695312, 0.8077048659324646], [326.88421630859375, 145.52569580078125, 0.6861171722412109], [368.69122314453125, 176.1800537109375, 0.9944660663604736], [318.2328796386719, 176.02963256835938, 0.988726019859314], [410.22235107421875, 159.93084716796875, 0.9798957109451294], [293.1766357421875, 157.14337158203125, 0.9467525482177734], [443.40008544921875, 127.17495727539062, 0.9616794586181641], [293.34735107421875, 126.48292541503906, 0.9218873977661133], [359.5076904296875, 265.4807434082031, 0.9926565885543823], [330.6097717285156, 266.6737365722656, 0.9890686273574829], [328.9149475097656, 342.91558837890625, 0.9755169749259949], [321.5695495605469, 348.41015625, 0.964710533618927], [356.42083740234375, 415.16217041015625, 0.8846698999404907], [356.9380187988281, 419.1548156738281, 0.8581802845001221]]"
IMG_0502.jpg,rhythm_box,"[[348.04974365234375, 139.46868896484375, 0.9666037559509277], [354.3422546386719, 135.8096923828125, 0.9194966554641724], [340.84893798828125, 133.93746948242188, 0.9192098379135132], [366.3714904785156, 140.38729858398438, 0.768803596496582], [333.816162109375, 138.42318725585938, 0.7492179870605469], [377.47540283203125, 175.49951171875, 0.992682933807373], [325.39385986328125, 162.9397430419922, 0.9926250576972961], [394.5623474121094, 189.90533447265625, 0.9675013422966003], [276.30535888671875, 165.97900390625, 0.970618486404419], [399.31903076171875, 144.5132598876953, 0.9501766562461853], [240.09686279296875, 152.73622131347656, 0.9551841020584106], [353.55340576171875, 258.333740234375, 0.9957689046859741], [325.2665710449219, 251.79129028320312, 0.9958558082580566], [360.8482360839844, 339.29205322265625, 0.9856290221214294], [355.1044616699219, 330.629150390625, 0.9870394468307495], [328.19561767578125, 404.85601806640625, 0.9331504702568054], [332.81146240234375, 401.35430908203125, 0.9385091066360474]]"
IMG_0503.jpg,rhythm_box,"[[344.3134765625, 148.0677947998047, 0.9638217687606812], [349.5001525878906, 145.4147186279297, 0.9020968675613403], [336.8974304199219, 143.44810485839844, 0.9291036128997803], [357.460693359375, 152.01429748535156, 0.695190966129303], [327.14959716796875, 150.15403747558594, 0.7925759553909302], [365.5222473144531, 181.39669799804688, 0.9878498315811157], [318.8381652832031, 178.82052612304688, 0.9915897846221924], [386.82037353515625, 174.42214965820312, 0.9492055177688599], [279.5980224609375, 175.81712341308594, 0.9706763029098511], [399.2691955566406, 142.6020965576172, 0.9314359426498413], [255.91043090820312, 155.09005737304688, 0.9567276835441589], [353.69635009765625, 266.349609375, 0.9929077625274658], [327.55670166015625, 265.16998291015625, 0.9941214323043823], [370.5155334472656, 338.9561462402344, 0.9749914407730103], [359.00518798828125, 337.15472412109375, 0.9808158874511719], [327.2535400390625, 405.5088806152344, 0.8963214159011841], [329.3137512207031, 407.6054992675781, 0.9123855829238892]]"
IMG_0504.jpg,rhythm_box,"[[337.59051513671875, 112.39776611328125, 0.965839147567749], [343.62109375, 108.65780639648438, 0.8826351165771484], [330.3668212890625, 108.38119506835938, 0.920528769493103], [352.8378601074219, 116.97731018066406, 0.6499404311180115], [320.9686584472656, 117.07298278808594, 0.7641465663909912], [363.2188720703125, 149.69921875, 0.9906623363494873], [311.41162109375, 147.82196044921875, 0.9941352605819702], [390.4838562011719, 141.99903869628906, 0.9642964005470276], [275.9454650878906, 137.82168579101562, 0.9811784029006958], [402.10931396484375, 98.69503784179688, 0.9425449371337891], [257.7848205566406, 98.91487121582031, 0.9662787914276123], [355.5580749511719, 243.3680419921875, 0.9954444766044617], [323.69122314453125, 243.32901000976562, 0.9963629245758057], [361.5854187011719, 321.88006591796875, 0.9885725378990173], [340.4786071777344, 324.6666564941406, 0.9914830923080444], [344.73736572265625, 398.5616455078125, 0.9526933431625366], [331.5558166503906, 406.5670166015625, 0.9614307880401611]]"
IMG_0505.jpg,rhythm_box,"[[331.57562255859375, 140.93116760253906, 0.9752727746963501], [340.0466613769531, 137.59974670410156, 0.9378384351730347], [325.1348876953125, 136.45541381835938, 0.923629105091095], [352.1595153808594, 145.90567016601562, 0.7991920709609985], [316.9798889160156, 143.12606811523438, 0.7025490999221802], [360.1722106933594, 177.66461181640625, 0.9949948787689209], [307.0401916503906, 174.16664123535156, 0.9914987087249756], [390.0679931640625, 155.40579223632812, 0.9818249940872192], [280.1292724609375, 151.69512939453125, 0.9645580053329468], [412.19976806640625, 101.43986511230469, 0.962914228439331], [269.8631286621094, 103.76054382324219, 0.9418206810951233], [349.90679931640625, 277.1708679199219, 0.9958012700080872], [315.71771240234375, 276.127197265625, 0.9944301843643188], [349.0497741699219, 352.91790771484375, 0.9851746559143066], [314.322509765625, 353.17498779296875, 0.9815249443054199], [351.0997314453125, 409.586181640625, 0.9304661750793457], [319.01837158203125, 412.55657958984375, 0.9212151169776917]]"
IMG_0507.jpg,rhythm_box,"[[340.0386962890625, 138.21923828125, 0.9510594010353088], [346.4948425292969, 135.50572204589844, 0.8975361585617065], [333.6954650878906, 135.88067626953125, 0.8696694374084473], [354.6446838378906, 145.10928344726562, 0.7558317184448242], [324.40277099609375, 145.3837890625, 0.6527177691459656], [364.96490478515625, 177.77719116210938, 0.992409348487854], [314.6546630859375, 173.8766632080078, 0.98503178358078], [409.74371337890625, 179.05435180664062, 0.9748369455337524], [295.7347412109375, 166.1585693359375, 0.9428966641426086], [456.07574462890625, 165.27296447753906, 0.9587492346763611], [295.78387451171875, 141.31414794921875, 0.925071120262146], [349.9551696777344, 263.1184997558594, 0.995478630065918], [322.0722351074219, 262.7298583984375, 0.9935892820358276], [328.04205322265625, 336.3916320800781, 0.9844821095466614], [317.3388977050781, 342.91094970703125, 0.9793281555175781], [335.1788635253906, 407.1085510253906, 0.9274083375930786], [332.73919677734375, 416.9793701171875, 0.912738025188446]]"
IMG_0508.jpg,rhythm_box,"[[343.7198486328125, 127.71917724609375, 0.9780467748641968], [352.0597229003906, 122.83114624023438, 0.9316442012786865], [337.8038330078125, 121.96121215820312, 0.9395313858985901], [362.83758544921875, 132.1457061767578, 0.7565902471542358], [328.5294494628906, 129.6512451171875, 0.7573263645172119], [372.5433654785156, 172.1224365234375, 0.9945482611656189], [315.2648010253906, 169.5386199951172, 0.9931502342224121], [406.2088928222656, 193.025634765625, 0.9766449928283691], [290.118896484375, 192.18496704101562, 0.9727572202682495], [430.8760070800781, 182.3370361328125, 0.9555498957633972], [282.025390625, 187.04510498046875, 0.953793466091156], [362.09429931640625, 265.21746826171875, 0.9956554770469666], [323.53887939453125, 265.2489013671875, 0.9954028129577637], [377.7327575683594, 345.4691162109375, 0.9885849952697754], [332.2430725097656, 345.3923645019531, 0.9886097311973572], [388.6905212402344, 417.7842712402344, 0.9538257718086243], [337.53216552734375, 420.40655517578125, 0.9547537565231323]]"
IMG_0509.jpg,rhythm_box,"[[367.9920959472656, 125.24954223632812, 0.9647290706634521], [374.86834716796875, 123.50872802734375, 0.8983608484268188], [361.4656677246094, 122.55679321289062, 0.9178757667541504], [384.94000244140625, 133.7396240234375, 0.7186295390129089], [353.36517333984375, 132.78900146484375, 0.7494905591011047], [399.049072265625, 162.59170532226562, 0.9912299513816833], [340.33514404296875, 160.40145874023438, 0.9938098788261414], [434.7795715332031, 150.29061889648438, 0.9686529636383057], [297.6533203125, 146.45111083984375, 0.9811049699783325], [466.4599609375, 118.10574340820312, 0.9530295133590698], [263.9898986816406, 113.02969360351562, 0.9677495956420898], [384.9125061035156, 261.87060546875, 0.9970027208328247], [348.390380859375, 260.0904541015625, 0.9975525736808777], [377.05841064453125, 339.6125793457031, 0.9884535074234009], [338.93646240234375, 339.3128662109375, 0.990723729133606], [366.5848083496094, 406.94232177734375, 0.9436547756195068], [331.64288330078125, 412.4145812988281, 0.950493335723877]]"
IMG_0510.jpg,rhythm_box,"[[317.7457580566406, 116.59733581542969, 0.9787597060203552], [326.45220947265625, 111.04710388183594, 0.9268977642059326], [311.2698059082031, 112.19485473632812, 0.9446476101875305], [340.13055419921875, 117.25546264648438, 0.7267904877662659], [303.23040771484375, 119.209228515625, 0.7650381922721863], [349.7641906738281, 148.6767578125, 0.9941504001617432], [293.7530822753906, 154.31591796875, 0.99603271484375], [398.89404296875, 145.09353637695312, 0.9789990186691284], [243.22998046875, 144.60281372070312, 0.9879762530326843], [433.7311096191406, 122.32089233398438, 0.9641315937042236], [202.46766662597656, 118.56790161132812, 0.9780078530311584], [358.8881530761719, 239.59072875976562, 0.9981727600097656], [319.7286071777344, 249.20932006835938, 0.9985131621360779], [402.71429443359375, 280.39788818359375, 0.9957014322280884], [328.8466796875, 315.29144287109375, 0.9968392848968506], [420.7882995605469, 337.61517333984375, 0.9846583604812622], [319.38116455078125, 397.28765869140625, 0.9874050617218018]]"
IMG_0511.jpg,rhythm_box,"[[360.4381103515625, 143.97836303710938, 0.9747233390808105], [367.73114013671875, 140.25515747070312, 0.9487869739532471], [354.2780456542969, 139.65081787109375, 0.9147379398345947], [380.2641906738281, 148.05264282226562, 0.844588577747345], [348.98284912109375, 147.83694458007812, 0.6643329858779907], [397.45697021484375, 178.71282958984375, 0.9946014881134033], [333.6297912597656, 178.84152221679688, 0.9889973402023315], [430.1941223144531, 162.19973754882812, 0.9786942601203918], [277.396728515625, 169.97915649414062, 0.9423218369483948], [454.665283203125, 139.5454559326172, 0.9566315412521362], [244.40679931640625, 145.802490234375, 0.9131960868835449], [374.8502502441406, 263.7000732421875, 0.9909124374389648], [339.292236328125, 260.443115234375, 0.9863578081130981], [360.9909362792969, 333.11700439453125, 0.9688244462013245], [341.3751220703125, 317.9700622558594, 0.9553229808807373], [352.624267578125, 408.9432067871094, 0.86372971534729], [348.1598815917969, 382.5902099609375, 0.8377944231033325]]"
IMG_0514.jpg,rhythm_box,"[[458.41680908203125, 142.64710998535156, 0.9755339622497559], [465.0481262207031, 135.98919677734375, 0.9306529760360718], [452.14208984375, 136.40760803222656, 0.9312296509742737], [475.04986572265625, 141.88217163085938, 0.7410587072372437], [442.4266357421875, 142.54345703125, 0.7197955250740051], [495.3021240234375, 181.62277221679688, 0.9939302206039429], [418.48773193359375, 181.90487670898438, 0.9930219650268555], [515.0013427734375, 223.2427978515625, 0.9813382625579834], [391.29351806640625, 221.1492919921875, 0.9772910475730896], [497.4942321777344, 250.51055908203125, 0.9660167694091797], [410.28704833984375, 249.74029541015625, 0.9620620608329773], [481.2911682128906, 281.42022705078125, 0.9968732595443726], [425.0382995605469, 281.9763488769531, 0.9966534376144409], [509.4130859375, 348.73712158203125, 0.9894923567771912], [403.3241882324219, 350.400390625, 0.9892487525939941], [529.1458740234375, 418.1201171875, 0.9608675241470337], [384.9547119140625, 419.0969543457031, 0.9605270624160767]]"
IMG_0515.jpg,ready,"[[481.87615966796875, 126.88796997070312, 0.9551026821136475], [483.66387939453125, 119.399658203125, 0.7677309513092041], [472.9200744628906, 121.6185302734375, 0.9473822712898254], [481.91845703125, 126.71220397949219, 0.310343861579895], [455.4902648925781, 132.21546936035156, 0.8755654096603394], [486.9833984375, 169.7713623046875, 0.9577494263648987], [441.62060546875, 171.8028564453125, 0.9936815500259399], [488.60418701171875, 214.44390869140625, 0.8430514335632324], [444.2585144042969, 216.3681640625, 0.9866544604301453], [484.88238525390625, 181.268310546875, 0.8045259714126587], [467.4930114746094, 186.54791259765625, 0.9679967164993286], [473.0765380859375, 266.59954833984375, 0.9861608743667603], [434.1028137207031, 267.0980224609375, 0.9946742057800293], [491.5930480957031, 338.2042541503906, 0.9712427258491516], [408.6285095214844, 338.48870849609375, 0.989127516746521], [496.3668518066406, 410.51031494140625, 0.9322987794876099], [368.8050537109375, 410.51025390625, 0.9628171920776367]]"
IMG_0516.jpg,slide,"[[539.1660766601562, 315.69403076171875, 0.9325004816055298], [542.0726928710938, 308.708740234375, 0.6744580268859863], [534.5661010742188, 309.4043884277344, 0.9448341131210327], [539.0357666015625, 299.69268798828125, 0.25891655683517456], [516.7407836914062, 302.5400695800781, 0.9003617763519287], [516.80126953125, 305.669921875, 0.9474165439605713], [489.3762512207031, 315.7966613769531, 0.994204044342041], [496.46044921875, 337.5675048828125, 0.8142355680465698], [487.9571838378906, 371.54150390625, 0.9893983602523804], [507.29718017578125, 334.15985107421875, 0.7510998845100403], [510.7206115722656, 365.94775390625, 0.9658782482147217], [450.59649658203125, 332.9322814941406, 0.9889136552810669], [419.26385498046875, 334.6783142089844, 0.9959890842437744], [501.21337890625, 390.4681091308594, 0.9654769897460938], [386.9673767089844, 395.6155700683594, 0.9881366491317749], [480.2838134765625, 400.439453125, 0.9274972677230835], [305.40252685546875, 413.0947265625, 0.9609814882278442]]"
IMG_0517.jpg,squat,"[[372.6902770996094, 383.68115234375, 0.8770115375518799], [373.3948974609375, 375.42572021484375, 0.7520763278007507], [364.1453552246094, 382.0904541015625, 0.8065292835235596], [385.3908996582031, 354.840087890625, 0.4800935685634613], [351.54754638671875, 371.7467041015625, 0.5687438249588013], [404.697998046875, 333.8008117675781, 0.9476212859153748], [341.1157531738281, 350.28057861328125, 0.9647549390792847], [444.10723876953125, 341.1083984375, 0.902185320854187], [302.4228210449219, 367.296875, 0.9364447593688965], [472.7735595703125, 386.1177062988281, 0.8791285753250122], [291.22845458984375, 420.779541015625, 0.9096541404724121], [405.15625, 309.1214294433594, 0.9626724720001221], [362.4628601074219, 319.04351806640625, 0.9687478542327881], [442.6740417480469, 373.476318359375, 0.9040930271148682], [376.1339111328125, 381.7352600097656, 0.9168481826782227], [489.1444396972656, 411.33074951171875, 0.7881767749786377], [395.28240966796875, 410.9776611328125, 0.8055738210678101]]"
IMG_0518.jpg,squat,"[[377.0743408203125, 380.79541015625, 0.7709096670150757], [376.8621826171875, 373.21337890625, 0.5328947901725769], [369.7721862792969, 379.69122314453125, 0.6913222074508667], [385.4005126953125, 353.43731689453125, 0.3126299977302551], [357.0467529296875, 369.4440002441406, 0.5351506471633911], [401.8355407714844, 332.1138916015625, 0.9156017303466797], [341.3882141113281, 347.5881652832031, 0.9613987803459167], [441.5640869140625, 339.0837707519531, 0.8605141639709473], [303.715576171875, 363.7774658203125, 0.9434882402420044], [474.19854736328125, 384.8948974609375, 0.838818371295929], [292.44476318359375, 419.2254333496094, 0.9143232107162476], [401.8385009765625, 314.0148620605469, 0.9565034508705139], [364.34246826171875, 324.5753173828125, 0.9696834087371826], [438.8959045410156, 368.62957763671875, 0.9002189636230469], [397.8044128417969, 375.6058044433594, 0.9275612831115723], [486.51263427734375, 411.41912841796875, 0.7970958352088928], [437.4014587402344, 409.3653564453125, 0.8328400254249573]]"
IMG_0519.jpg,slide,"[[292.9689025878906, 343.88653564453125, 0.8818751573562622], [293.3803405761719, 334.9537048339844, 0.8713481426239014], [286.46173095703125, 340.07275390625, 0.6859085559844971], [301.9868469238281, 322.8739013671875, 0.7646348476409912], [276.6477966308594, 336.07177734375, 0.33242276310920715], [328.23126220703125, 315.6435241699219, 0.9871302843093872], [272.16204833984375, 347.1032409667969, 0.9091224074363708], [362.58984375, 322.7567443847656, 0.9776269197463989], [278.079833984375, 389.7606506347656, 0.731059730052948], [373.1991882324219, 361.93145751953125, 0.9412292242050171], [297.1440124511719, 419.08917236328125, 0.6741057634353638], [367.9654235839844, 328.25994873046875, 0.9902313947677612], [320.38543701171875, 344.72906494140625, 0.9732422232627869], [426.0349426269531, 385.26898193359375, 0.9782755374908447], [298.059326171875, 397.32958984375, 0.9411794543266296], [493.387451171875, 423.393798828125, 0.9408345818519592], [308.71929931640625, 422.71820068359375, 0.8895002603530884]]"
IMG_0520.jpg,slide,"[[293.4322204589844, 337.2677001953125, 0.8897289037704468], [292.6601867675781, 328.2367858886719, 0.8575984239578247], [286.6899108886719, 334.35076904296875, 0.7150843143463135], [298.1609802246094, 318.14727783203125, 0.7351353764533997], [275.9390869140625, 333.66436767578125, 0.3932781517505646], [324.7888488769531, 313.35113525390625, 0.9874086976051331], [270.61004638671875, 349.708740234375, 0.9337016344070435], [360.45428466796875, 320.55487060546875, 0.9772069454193115], [277.237548828125, 395.9189453125, 0.7999279499053955], [372.88421630859375, 360.7217712402344, 0.9435909986495972], [296.223876953125, 421.1351318359375, 0.745857834815979], [367.1593933105469, 332.6659851074219, 0.9899664521217346], [321.0030822753906, 351.4974365234375, 0.9763501882553101], [425.1497802734375, 383.76654052734375, 0.975490152835846], [299.8361511230469, 398.0189208984375, 0.942517876625061], [494.2890625, 424.1375427246094, 0.9295886754989624], [312.57232666015625, 424.1044921875, 0.8804686069488525]]"
IMG_0521.jpg,squat,"[[306.53192138671875, 236.7926025390625, 0.9492068290710449], [311.22381591796875, 231.24923706054688, 0.9294110536575317], [300.88818359375, 232.18701171875, 0.8978121280670166], [320.95751953125, 235.57415771484375, 0.7664041519165039], [291.66748046875, 238.42608642578125, 0.5678006410598755], [340.8766784667969, 266.07891845703125, 0.9941892623901367], [276.69403076171875, 268.52496337890625, 0.9951394200325012], [358.5585021972656, 302.9023742675781, 0.9835889339447021], [251.76632690429688, 299.707763671875, 0.980948805809021], [346.2364807128906, 330.81890869140625, 0.968792200088501], [256.43341064453125, 321.8057861328125, 0.9631680250167847], [336.90435791015625, 344.3275146484375, 0.9940932989120483], [287.10272216796875, 344.95819091796875, 0.9947141408920288], [376.42578125, 372.5871887207031, 0.9689465165138245], [254.54420471191406, 372.2799072265625, 0.967254638671875], [394.00439453125, 430.7562255859375, 0.9083104133605957], [233.9666748046875, 430.7017517089844, 0.9032506942749023]]"
IMG_0522.jpg,squat,"[[319.1852111816406, 244.419921875, 0.9651612639427185], [326.666015625, 237.94540405273438, 0.9227899312973022], [313.17718505859375, 238.80987548828125, 0.9198852777481079], [337.4791259765625, 241.25128173828125, 0.7473964691162109], [303.05279541015625, 241.98098754882812, 0.7184533476829529], [347.5943908691406, 269.5384826660156, 0.9909565448760986], [289.35992431640625, 275.59576416015625, 0.9886590242385864], [366.0706481933594, 314.74200439453125, 0.965542197227478], [289.4012756347656, 323.92340087890625, 0.9547668695449829], [387.30450439453125, 343.91632080078125, 0.9299118518829346], [307.2783203125, 327.14453125, 0.9173010587692261], [338.3617248535156, 345.1985168457031, 0.9940606951713562], [291.0496826171875, 348.4867248535156, 0.9929556250572205], [365.7226257324219, 369.90472412109375, 0.9843631982803345], [253.23487854003906, 375.0648498535156, 0.9831191301345825], [389.6770935058594, 423.6333312988281, 0.9563283920288086], [238.5333709716797, 428.177001953125, 0.9549978971481323]]"
IMG_0524.jpg,lunge,"[[464.508056640625, 247.29318237304688, 0.9759409427642822], [471.34942626953125, 240.40029907226562, 0.9087563753128052], [457.58233642578125, 239.10708618164062, 0.9704469442367554], [477.50653076171875, 246.22552490234375, 0.4562389552593231], [440.3388366699219, 241.31317138671875, 0.9046421051025391], [473.5308837890625, 290.70697021484375, 0.9906677007675171], [413.18902587890625, 281.1402893066406, 0.996563732624054], [478.5335998535156, 366.7036437988281, 0.9233199954032898], [401.32720947265625, 341.0115661621094, 0.9806878566741943], [499.1515808105469, 391.5280456542969, 0.8918526768684387], [436.5436706542969, 330.8323669433594, 0.9582786560058594], [446.0740966796875, 374.64105224609375, 0.9730563163757324], [408.85015869140625, 373.0003967285156, 0.9841307401657104], [453.82958984375, 389.84222412109375, 0.8803392052650452], [435.8994140625, 390.0959777832031, 0.9254468083381653], [445.4058532714844, 454.185791015625, 0.6823580861091614], [447.8683166503906, 455.65496826171875, 0.7606039047241211]]"
IMG_0525.jpg,squat,"[[269.3365478515625, 251.37945556640625, 0.9559317827224731], [273.9634704589844, 245.00360107421875, 0.9209504723548889], [262.9939270019531, 246.69683837890625, 0.9279696941375732], [282.8712158203125, 248.61297607421875, 0.6905721426010132], [253.24609375, 253.16781616210938, 0.712189257144928], [298.3665771484375, 278.1642150878906, 0.9934832453727722], [240.841064453125, 286.150634765625, 0.9951559901237488], [318.5389709472656, 316.0540771484375, 0.9675469994544983], [233.33740234375, 327.3930969238281, 0.9736328721046448], [331.1693115234375, 348.172607421875, 0.9391372203826904], [239.68682861328125, 346.57763671875, 0.9451800584793091], [297.6885681152344, 343.92657470703125, 0.9932089447975159], [252.3506317138672, 347.9439392089844, 0.9944430589675903], [337.40484619140625, 367.9742736816406, 0.9770246744155884], [221.0449676513672, 371.58758544921875, 0.9792823791503906], [360.53790283203125, 421.8572692871094, 0.9503451585769653], [199.43606567382812, 427.0100402832031, 0.9532980918884277]]"
IMG_0527.jpg,lunge,"[[376.3233642578125, 247.49844360351562, 0.9541081190109253], [378.14825439453125, 239.4736328125, 0.75523442029953], [369.5309753417969, 242.17105102539062, 0.957390308380127], [374.9850769042969, 239.44052124023438, 0.2866167426109314], [352.8115234375, 246.29800415039062, 0.9038146734237671], [363.9861755371094, 265.7710876464844, 0.9502229690551758], [334.039306640625, 275.44659423828125, 0.9938939809799194], [354.3887023925781, 302.8542175292969, 0.8030732870101929], [334.2831726074219, 326.2091979980469, 0.986771285533905], [350.61688232421875, 295.52349853515625, 0.750428318977356], [355.33343505859375, 318.62158203125, 0.9637361764907837], [321.52423095703125, 335.653076171875, 0.9846640825271606], [289.2571716308594, 338.95111083984375, 0.9944220185279846], [363.0975036621094, 368.3392333984375, 0.9626973867416382], [262.1122741699219, 379.69378662109375, 0.9868547320365906], [358.830810546875, 410.57073974609375, 0.9304832220077515], [197.28448486328125, 429.89349365234375, 0.9620131254196167]]"
IMG_0528.jpg,side_step,"[[390.5488586425781, 203.72625732421875, 0.971306562423706], [396.1954345703125, 197.64303588867188, 0.9301350116729736], [383.9072570800781, 198.27078247070312, 0.9593283534049988], [404.13006591796875, 201.4464111328125, 0.6545183658599854], [373.4482421875, 202.76837158203125, 0.8536078333854675], [415.9558410644531, 234.8642578125, 0.9943917989730835], [355.28033447265625, 238.117431640625, 0.9969937801361084], [437.01654052734375, 271.536865234375, 0.9605304002761841], [344.7048034667969, 277.3716735839844, 0.9817774295806885], [450.92388916015625, 293.8340759277344, 0.9379898309707642], [367.0400390625, 287.9996337890625, 0.9626290202140808], [398.1835632324219, 311.0423583984375, 0.9947607517242432], [358.6878967285156, 313.2527160644531, 0.9962984323501587], [415.8338623046875, 357.8177795410156, 0.9816442728042603], [374.93499755859375, 360.3296203613281, 0.9865310788154602], [389.2046813964844, 407.30810546875, 0.9494224786758423], [357.501708984375, 410.91278076171875, 0.9601841568946838]]"
IMG_0529.jpg,side_step,"[[429.3669128417969, 236.78619384765625, 0.9731967449188232], [436.04351806640625, 229.243896484375, 0.9495241045951843], [423.0556640625, 231.44155883789062, 0.9165629148483276], [449.2358093261719, 231.3175048828125, 0.8414036631584167], [415.623046875, 235.83694458007812, 0.6689969301223755], [466.6072998046875, 260.0180969238281, 0.9959309697151184], [404.45587158203125, 271.1472473144531, 0.9902557134628296], [491.9018859863281, 303.4247741699219, 0.9854351282119751], [398.8443603515625, 320.30438232421875, 0.9542751312255859], [512.05517578125, 336.7947998046875, 0.964245080947876], [414.28070068359375, 320.21502685546875, 0.9211705923080444], [468.00714111328125, 326.29833984375, 0.9973948001861572], [418.32733154296875, 331.98663330078125, 0.9957410097122192], [506.69171142578125, 365.77642822265625, 0.9927734732627869], [385.3768615722656, 370.53497314453125, 0.9892574548721313], [545.8072509765625, 425.8705139160156, 0.9754037857055664], [375.36572265625, 424.8421325683594, 0.9692894816398621]]"
IMG_0532.jpg,lunge,"[[358.572998046875, 246.05224609375, 0.9492430686950684], [364.6838684082031, 238.57611083984375, 0.9428561925888062], [354.1298522949219, 239.85986328125, 0.7398700714111328], [380.29010009765625, 241.58175659179688, 0.9045800566673279], [354.41259765625, 244.03607177734375, 0.3470141291618347], [402.401611328125, 275.64129638671875, 0.9964213967323303], [361.2042236328125, 276.19488525390625, 0.9720041155815125], [405.1567687988281, 339.81671142578125, 0.9916936755180359], [364.11114501953125, 316.91259765625, 0.8707294464111328], [382.08380126953125, 364.2990417480469, 0.9771684408187866], [353.050048828125, 296.0990905761719, 0.8402905464172363], [437.4988708496094, 341.0136413574219, 0.9957297444343567], [399.578857421875, 341.7828674316406, 0.9878387451171875], [458.6898193359375, 384.2501220703125, 0.987951934337616], [354.7153015136719, 379.56805419921875, 0.9667137861251831], [526.742919921875, 435.2984619140625, 0.9568791389465332], [372.3142395019531, 420.3558654785156, 0.9236265420913696]]"
IMG_0534.jpg,side_step,"[[333.502197265625, 199.6748046875, 0.9777525663375854], [339.8011474609375, 192.9576416015625, 0.971197247505188], [327.14404296875, 194.96771240234375, 0.9443660974502563], [352.75982666015625, 196.96322631835938, 0.8688240051269531], [320.7364196777344, 201.98165893554688, 0.6624845266342163], [374.043212890625, 232.25408935546875, 0.997278094291687], [311.3240966796875, 237.496337890625, 0.99714595079422], [404.25494384765625, 271.51043701171875, 0.9882380366325378], [300.449462890625, 268.12982177734375, 0.9796568155288696], [430.6772155761719, 308.74114990234375, 0.9779219627380371], [308.1986389160156, 267.8360595703125, 0.9647263884544373], [371.4848327636719, 307.325439453125, 0.9973231554031372], [332.30517578125, 310.1378173828125, 0.9973853826522827], [369.8017272949219, 357.68463134765625, 0.9899945855140686], [329.546630859375, 360.2984619140625, 0.9884037971496582], [370.68585205078125, 408.2295227050781, 0.9664595127105713], [339.28082275390625, 411.3782043457031, 0.9625848531723022]]"
IMG_0536 2.jpg,squat,"[[276.8128662109375, 225.53399658203125, 0.9696865081787109], [284.3335876464844, 218.8140869140625, 0.9346993565559387], [270.32403564453125, 219.733642578125, 0.9312787055969238], [295.1586608886719, 223.73663330078125, 0.7630012035369873], [260.1700439453125, 224.89300537109375, 0.73569655418396], [304.94366455078125, 255.48406982421875, 0.9894610047340393], [248.48977661132812, 260.5635070800781, 0.9876342415809631], [314.33392333984375, 301.9442138671875, 0.9572392702102661], [248.88262939453125, 306.39520263671875, 0.9481596946716309], [323.4809265136719, 324.5600280761719, 0.9162261486053467], [267.8443298339844, 308.58489990234375, 0.9066646099090576], [299.816650390625, 329.0328369140625, 0.9921795129776001], [250.8225860595703, 331.9010009765625, 0.9909975528717041], [332.2750549316406, 369.7921447753906, 0.9784897565841675], [208.64283752441406, 374.88494873046875, 0.977342426776886], [361.27313232421875, 418.3470458984375, 0.9386759996414185], [184.89141845703125, 423.6565246582031, 0.9383590221405029]]"
IMG_0538.jpg,squat,"[[276.305908203125, 225.58209228515625, 0.9709196090698242], [283.72723388671875, 218.9945068359375, 0.9350169897079468], [269.7816162109375, 219.98355102539062, 0.9362157583236694], [294.1441650390625, 224.49688720703125, 0.7581446766853333], [259.31646728515625, 225.78903198242188, 0.7529482841491699], [304.30450439453125, 256.6429138183594, 0.9892726540565491], [246.9774932861328, 262.2250671386719, 0.9886242151260376], [314.1965026855469, 302.3642883300781, 0.9550871253013611], [246.78179931640625, 308.596435546875, 0.952136754989624], [323.8460388183594, 325.8124084472656, 0.91322261095047], [268.4277648925781, 314.7567443847656, 0.9113985896110535], [300.19012451171875, 328.70166015625, 0.9920026659965515], [250.7978515625, 331.96490478515625, 0.991246223449707], [331.5769348144531, 369.53240966796875, 0.9778807163238525], [208.10012817382812, 375.2568054199219, 0.9777625799179077], [360.97235107421875, 418.11126708984375, 0.9372217655181885], [185.1966094970703, 424.16632080078125, 0.9386796951293945]]"
IMG_0543.jpg,burpee,"[[466.6239013671875, 298.516845703125, 0.906957745552063], [469.3668212890625, 293.8733825683594, 0.60518479347229], [465.38702392578125, 291.1209716796875, 0.9102575778961182], [461.2310791015625, 287.2557373046875, 0.31102684140205383], [453.52642822265625, 281.7518310546875, 0.8995729684829712], [433.9734191894531, 303.14056396484375, 0.9502125978469849], [427.6147155761719, 300.15716552734375, 0.9958820343017578], [407.995849609375, 339.7274169921875, 0.7973694801330566], [403.37445068359375, 356.3887023925781, 0.990669846534729], [418.39984130859375, 382.1439514160156, 0.7645056247711182], [408.7036437988281, 412.59527587890625, 0.9702861309051514], [335.2591247558594, 339.7109680175781, 0.9810656905174255], [331.5706787109375, 328.98236083984375, 0.9938212037086487], [274.6557312011719, 376.76751708984375, 0.9375680685043335], [264.5686340332031, 366.0268249511719, 0.9789259433746338], [184.3535614013672, 372.00567626953125, 0.8738127946853638], [178.6756134033203, 365.3509216308594, 0.9320728778839111]]"
IMG_0545.jpg,burpee,"[[470.7093811035156, 333.2236328125, 0.9292888641357422], [477.7377624511719, 330.05548095703125, 0.7114737033843994], [471.18927001953125, 325.1463317871094, 0.9320423603057861], [473.16748046875, 325.8887023925781, 0.41619962453842163], [457.89739990234375, 314.15667724609375, 0.8938173055648804], [436.4682312011719, 339.0098876953125, 0.9574093818664551], [433.6212158203125, 326.3751220703125, 0.9943122267723083], [403.8758239746094, 371.9598388671875, 0.7997820377349854], [397.41424560546875, 369.17291259765625, 0.9849225878715515], [416.35345458984375, 407.8238830566406, 0.7266272902488708], [407.4259338378906, 413.0124816894531, 0.9494768381118774], [338.9619445800781, 359.14923095703125, 0.9735121130943298], [335.36865234375, 344.540771484375, 0.9897924661636353], [264.82122802734375, 394.16912841796875, 0.9143474102020264], [255.5135955810547, 383.9505615234375, 0.9652057886123657], [174.90560913085938, 372.2787780761719, 0.8272215127944946], [179.43896484375, 368.19281005859375, 0.8930100202560425]]"
IMG_0547.jpg,burpee,"[[473.32269287109375, 389.016357421875, 0.9210793375968933], [482.05096435546875, 387.5181884765625, 0.7476925849914551], [476.1153564453125, 382.07086181640625, 0.9171814918518066], [481.6243896484375, 385.0445556640625, 0.4618319869041443], [466.26080322265625, 370.7177734375, 0.8413447141647339], [445.0897521972656, 387.1759033203125, 0.9442847967147827], [436.70770263671875, 376.6741027832031, 0.989250123500824], [415.52325439453125, 394.3885803222656, 0.7980403900146484], [404.6767272949219, 400.42108154296875, 0.9733704328536987], [424.3359069824219, 405.4630126953125, 0.756678581237793], [416.251953125, 422.7064514160156, 0.9325231313705444], [344.20001220703125, 382.4302978515625, 0.9524011611938477], [338.0094909667969, 369.44427490234375, 0.977379322052002], [270.84710693359375, 398.123046875, 0.8508943319320679], [257.3515625, 390.1688232421875, 0.9230592250823975], [196.59115600585938, 370.3986511230469, 0.7428790926933289], [201.01657104492188, 371.29254150390625, 0.815056562423706]]"
IMG_0552.jpg,burpee,"[[452.5754089355469, 304.3528747558594, 0.8510708808898926], [456.2930603027344, 297.83551025390625, 0.45432397723197937], [451.9731750488281, 296.41802978515625, 0.861900269985199], [443.407470703125, 291.15692138671875, 0.2799355387687683], [439.8162841796875, 289.3302917480469, 0.8640978932380676], [405.90283203125, 312.1295166015625, 0.9262425303459167], [420.6008605957031, 308.61181640625, 0.9912123680114746], [380.01763916015625, 364.5155944824219, 0.7173083424568176], [393.8902587890625, 370.8765563964844, 0.9811574220657349], [418.54541015625, 408.47882080078125, 0.6698447465896606], [418.52496337890625, 420.1004943847656, 0.9411043524742126], [309.9423828125, 347.34417724609375, 0.9615773558616638], [318.40899658203125, 337.55145263671875, 0.9862436056137085], [244.18258666992188, 373.39630126953125, 0.8968708515167236], [246.7368927001953, 372.64697265625, 0.9599758386611938], [160.29458618164062, 370.7342529296875, 0.8265925049781799], [161.0386962890625, 378.346923828125, 0.893165111541748]]"
IMG_0553.jpg,burpee,"[[450.90264892578125, 351.62274169921875, 0.9001993536949158], [457.58172607421875, 347.29229736328125, 0.627991259098053], [452.0481872558594, 344.1856689453125, 0.907223105430603], [451.98876953125, 340.5572204589844, 0.3925425112247467], [441.9901428222656, 333.72406005859375, 0.8674877285957336], [416.9200439453125, 349.45062255859375, 0.9375680685043335], [419.1817626953125, 346.4665832519531, 0.9916197061538696], [398.0201721191406, 386.9874572753906, 0.7368433475494385], [403.3473815917969, 403.8177490234375, 0.9801652431488037], [444.82342529296875, 400.97698974609375, 0.6971537470817566], [447.96527099609375, 414.3891906738281, 0.9405919313430786], [318.42767333984375, 348.80853271484375, 0.9566195011138916], [319.7430114746094, 339.0347595214844, 0.9832925796508789], [247.8843994140625, 377.80633544921875, 0.8844675421714783], [242.66966247558594, 375.43206787109375, 0.9524440169334412], [163.4232177734375, 370.01788330078125, 0.7966873645782471], [168.67495727539062, 377.37615966796875, 0.8705689907073975]]"
IMG_0554.jpg,burpee,"[[447.70709228515625, 361.5220642089844, 0.8568660020828247], [454.04437255859375, 358.73419189453125, 0.554689884185791], [450.52398681640625, 355.15380859375, 0.8596863746643066], [450.2283935546875, 357.5247802734375, 0.34756946563720703], [441.92559814453125, 348.14984130859375, 0.8218169212341309], [419.174560546875, 364.2460632324219, 0.9325762987136841], [413.5829772949219, 360.08404541015625, 0.9888256192207336], [419.0032043457031, 389.0790100097656, 0.7648906707763672], [395.8175964355469, 405.7205505371094, 0.9770597219467163], [451.1279296875, 396.6304626464844, 0.7297729849815369], [448.32586669921875, 415.2074890136719, 0.9374755620956421], [318.6011962890625, 354.01678466796875, 0.9635045528411865], [314.05078125, 345.28790283203125, 0.9843196272850037], [252.45767211914062, 380.7164001464844, 0.9086456298828125], [242.60414123535156, 385.93890380859375, 0.9597222208976746], [171.150146484375, 361.47894287109375, 0.8194929361343384], [174.042236328125, 379.168212890625, 0.8802939653396606]]"
IMG_0555.jpg,burpee,"[[454.3200378417969, 369.2761535644531, 0.9146449565887451], [461.3343505859375, 365.95751953125, 0.6785355806350708], [456.04150390625, 361.91796875, 0.9130697250366211], [458.6190490722656, 360.080810546875, 0.4062517285346985], [446.7021179199219, 349.9726257324219, 0.8589471578598022], [427.1978759765625, 367.1122131347656, 0.947575569152832], [421.9660339355469, 360.9734802246094, 0.9923801422119141], [414.9804382324219, 397.2794494628906, 0.7909753918647766], [407.64306640625, 411.0669860839844, 0.9828624725341797], [450.43621826171875, 403.7984619140625, 0.7570346593856812], [445.39117431640625, 418.48468017578125, 0.9512293338775635], [328.1258544921875, 366.5242004394531, 0.9637654423713684], [324.6426696777344, 355.401611328125, 0.9854133725166321], [254.3942413330078, 390.3411865234375, 0.8898543119430542], [245.46450805664062, 387.1038513183594, 0.9531307816505432], [170.08154296875, 375.0262756347656, 0.7899190187454224], [175.10784912109375, 382.35943603515625, 0.8637880682945251]]"
IMG_0556.jpg,burpee,"[[458.86474609375, 375.5189208984375, 0.8766709566116333], [464.47869873046875, 371.3765563964844, 0.5606358647346497], [460.77276611328125, 368.4879150390625, 0.886374831199646], [456.88873291015625, 363.38458251953125, 0.32678699493408203], [450.01513671875, 356.32403564453125, 0.853800892829895], [421.9855041503906, 367.3846740722656, 0.9293320775032043], [422.9054870605469, 366.30096435546875, 0.9902911186218262], [408.78875732421875, 395.0337829589844, 0.7517483234405518], [406.5671691894531, 415.36962890625, 0.9804999232292175], [445.73095703125, 400.16436767578125, 0.7222394347190857], [445.8592529296875, 414.4091491699219, 0.9457341432571411], [320.64593505859375, 370.4205322265625, 0.9541261792182922], [320.5950927734375, 361.94757080078125, 0.9818873405456543], [253.26150512695312, 393.189697265625, 0.8607578277587891], [246.67813110351562, 394.2528076171875, 0.940780758857727], [171.55978393554688, 369.3880615234375, 0.7479755282402039], [175.325439453125, 380.0641174316406, 0.8338589668273926]]"
IMG_0559.jpg,lunge,"[[343.30706787109375, 233.861083984375, 0.857026219367981], [342.2457275390625, 227.4854736328125, 0.4111167788505554], [337.70037841796875, 228.34381103515625, 0.8926988840103149], [323.31768798828125, 224.08563232421875, 0.20600023865699768], [317.1544189453125, 228.12850952148438, 0.9421596527099609], [295.2689208984375, 247.9112548828125, 0.9554154872894287], [293.8357238769531, 263.4354553222656, 0.9959714412689209], [282.4736328125, 289.9647521972656, 0.7159777879714966], [279.1509704589844, 331.3811340332031, 0.9838743209838867], [287.3999938964844, 330.9622802734375, 0.5851850509643555], [280.6084899902344, 395.7050476074219, 0.9357286095619202], [245.221435546875, 336.4185791015625, 0.9780105352401733], [251.434326171875, 342.49078369140625, 0.9921046495437622], [245.43911743164062, 377.54296875, 0.9460055828094482], [304.0421447753906, 378.4727478027344, 0.9815196990966797], [182.8292236328125, 396.34320068359375, 0.889262318611145], [290.6304626464844, 389.143798828125, 0.9430549144744873]]"
IMG_0562.jpg,burpee,"[[356.34088134765625, 303.01971435546875, 0.9323136806488037], [364.18701171875, 298.4859313964844, 0.9437392950057983], [354.9310302734375, 294.48773193359375, 0.6354347467422485], [382.2212829589844, 305.60870361328125, 0.90855473279953], [360.3033447265625, 297.6352233886719, 0.21368110179901123], [374.0342102050781, 345.898681640625, 0.9945929646492004], [369.879150390625, 328.77362060546875, 0.9321178197860718], [340.291748046875, 395.6334533691406, 0.9882322549819946], [328.17584228515625, 364.9376525878906, 0.7057567834854126], [309.5124816894531, 383.260986328125, 0.9761204719543457], [303.1630859375, 363.4471435546875, 0.7317051291465759], [326.2904052734375, 415.6363830566406, 0.9878904819488525], [322.5318908691406, 400.9547424316406, 0.9548197984695435], [259.72821044921875, 378.0321044921875, 0.9744625091552734], [257.398681640625, 370.13006591796875, 0.9092154502868652], [184.3369598388672, 411.6272277832031, 0.9392677545547485], [186.04840087890625, 405.0062255859375, 0.8663985729217529]]"
IMG_0563.jpg,burpee,"[[426.9831237792969, 344.25482177734375, 0.9490624666213989], [436.904296875, 346.4837951660156, 0.9241659641265869], [428.805419921875, 337.27850341796875, 0.8577498197555542], [444.0247802734375, 362.50140380859375, 0.7984883785247803], [423.76068115234375, 341.4443359375, 0.5803388357162476], [419.4678955078125, 388.51446533203125, 0.9866881966590881], [402.69921875, 363.6141052246094, 0.9722250699996948], [386.6259765625, 410.72320556640625, 0.9566136598587036], [350.73248291015625, 377.1888122558594, 0.8779047727584839], [336.235595703125, 390.61920166015625, 0.9336915016174316], [325.4576110839844, 374.08343505859375, 0.8482682704925537], [331.90557861328125, 414.54412841796875, 0.9747823476791382], [319.1211853027344, 395.3925476074219, 0.9592030048370361], [275.51898193359375, 413.53033447265625, 0.9306243658065796], [257.45111083984375, 401.071044921875, 0.8934280872344971], [185.62371826171875, 411.16668701171875, 0.8343452215194702], [183.1256866455078, 408.30218505859375, 0.7868756055831909]]"
IMG_0564.jpg,burpee,"[[428.91290283203125, 361.20794677734375, 0.8676124811172485], [436.11614990234375, 358.0843505859375, 0.8447103500366211], [429.0675048828125, 354.0400390625, 0.6170520782470703], [446.7686462402344, 368.23480224609375, 0.7959438562393188], [424.0092468261719, 358.4906005859375, 0.28689223527908325], [422.98211669921875, 398.5782470703125, 0.9850096106529236], [410.4962158203125, 379.0960693359375, 0.967859148979187], [383.1568603515625, 419.8003234863281, 0.9395021200180054], [360.1099548339844, 380.0710144042969, 0.706111490726471], [334.9597473144531, 401.18701171875, 0.922583818435669], [323.8458557128906, 370.5032653808594, 0.7264474630355835], [345.7588195800781, 424.6707763671875, 0.9817095398902893], [337.4352722167969, 410.8753356933594, 0.968818187713623], [270.2497253417969, 376.65020751953125, 0.9831669330596924], [266.3912658691406, 366.2933044433594, 0.9602848291397095], [203.95639038085938, 384.1168212890625, 0.9833508729934692], [204.85400390625, 375.5759582519531, 0.968491792678833]]"
IMG_0565.jpg,rhythm_box,"[[434.73583984375, 352.0882873535156, 0.7725033760070801], [439.89532470703125, 354.05572509765625, 0.7182178497314453], [439.1783142089844, 349.2948303222656, 0.5482744574546814], [440.7691955566406, 369.5937805175781, 0.6492351293563843], [442.73846435546875, 359.5653991699219, 0.34523236751556396], [406.8140869140625, 386.41217041015625, 0.9587439298629761], [423.5830383300781, 373.822265625, 0.8833827376365662], [355.7145690917969, 370.4718322753906, 0.926284909248352], [357.1505432128906, 352.47808837890625, 0.7046941518783569], [328.4092102050781, 340.14361572265625, 0.8942521810531616], [316.8374328613281, 325.55267333984375, 0.7068169713020325], [335.6552429199219, 390.66375732421875, 0.9326364994049072], [345.8282165527344, 382.3349304199219, 0.8770544528961182], [333.9051208496094, 341.4241943359375, 0.8675015568733215], [337.11138916015625, 338.121337890625, 0.775642991065979], [289.4258728027344, 330.4990234375, 0.8141520023345947], [291.67822265625, 331.05023193359375, 0.7405011057853699]]"
IMG_0566.jpg,rhythm_box,"[[457.5765380859375, 392.3293762207031, 0.8117735385894775], [464.4771728515625, 392.60357666015625, 0.6768866777420044], [461.3712158203125, 387.1138916015625, 0.7203016877174377], [469.9080810546875, 396.0916748046875, 0.5614877343177795], [461.7799377441406, 381.53778076171875, 0.607738733291626], [438.5867004394531, 402.7137145996094, 0.9447377920150757], [443.49713134765625, 370.73321533203125, 0.9603145122528076], [397.1470031738281, 402.2897033691406, 0.866752564907074], [400.6155090332031, 334.43609619140625, 0.9083623886108398], [382.3766784667969, 387.7427978515625, 0.8281148076057434], [362.31134033203125, 324.7821044921875, 0.8674940466880798], [372.53955078125, 375.03662109375, 0.9449442625045776], [375.1428527832031, 359.337646484375, 0.9518542885780334], [378.91595458984375, 384.1602783203125, 0.8741142153739929], [373.78826904296875, 366.9881591796875, 0.8933968544006348], [360.2593078613281, 373.84771728515625, 0.7907347679138184], [354.607177734375, 365.28607177734375, 0.8121563196182251]]"
IMG_0567.jpg,rhythm_box,"[[450.9427185058594, 391.2928771972656, 0.819256067276001], [456.99993896484375, 391.2662658691406, 0.6626895070075989], [453.4489440917969, 386.1962585449219, 0.7700028419494629], [459.08746337890625, 393.328125, 0.4855096638202667], [449.1819152832031, 379.90374755859375, 0.6544033885002136], [430.9322814941406, 399.201171875, 0.9161539077758789], [426.61279296875, 364.9505310058594, 0.9561640620231628], [389.7511901855469, 404.7819519042969, 0.7977602481842041], [372.5548400878906, 322.0617980957031, 0.9054155945777893], [375.487060546875, 402.5428161621094, 0.7562521696090698], [339.2168273925781, 310.08319091796875, 0.8594440221786499], [374.16650390625, 373.2769775390625, 0.9050426483154297], [370.1339416503906, 357.822509765625, 0.9291844367980957], [381.9665832519531, 386.16058349609375, 0.7905566692352295], [367.58551025390625, 369.3250427246094, 0.8411098718643188], [368.3629455566406, 381.9605712890625, 0.6817522048950195], [348.748046875, 371.57061767578125, 0.7288618087768555]]"
IMG_0568.jpg,rhythm_box,"[[455.1278991699219, 383.8669738769531, 0.4976749122142792], [459.965576171875, 382.66827392578125, 0.22940531373023987], [459.9477844238281, 379.9759216308594, 0.38640525937080383], [451.0763244628906, 382.8957824707031, 0.2325858473777771], [457.27960205078125, 377.81787109375, 0.5017536282539368], [421.64996337890625, 385.9079284667969, 0.9304438829421997], [427.63818359375, 382.5830383300781, 0.935928463935852], [381.9623718261719, 396.79296875, 0.8178850412368774], [396.4173889160156, 393.2137451171875, 0.8416681289672852], [381.0107116699219, 385.2525329589844, 0.7795974612236023], [391.0429382324219, 389.07623291015625, 0.7928532958030701], [363.22723388671875, 394.14251708984375, 0.9214369058609009], [365.2159423828125, 391.5390625, 0.922120213508606], [368.4704284667969, 375.37286376953125, 0.8306986689567566], [371.0068664550781, 374.5148010253906, 0.8306028842926025], [334.212646484375, 395.4174499511719, 0.753966212272644], [338.5856628417969, 397.6107177734375, 0.7548527717590332]]"
IMG_0574.jpg,rhythm_box,"[[343.0443115234375, 359.373046875, 0.037627726793289185], [340.39947509765625, 355.63409423828125, 0.018248707056045532], [346.312744140625, 356.2029113769531, 0.02227836847305298], [330.760498046875, 356.04864501953125, 0.0567283034324646], [355.526611328125, 356.4757385253906, 0.0834600031375885], [335.3194580078125, 364.4072265625, 0.41320520639419556], [367.15447998046875, 365.4592590332031, 0.3291781544685364], [354.16632080078125, 362.2148132324219, 0.3549605906009674], [380.1567687988281, 364.06866455078125, 0.28827035427093506], [357.7908935546875, 356.031005859375, 0.3690749704837799], [372.0804748535156, 357.7469787597656, 0.33472317457199097], [374.0255432128906, 383.09814453125, 0.7984402179718018], [392.0281066894531, 385.7359619140625, 0.7768774032592773], [424.6441955566406, 370.4683532714844, 0.8598978519439697], [432.72894287109375, 370.77740478515625, 0.855696439743042], [475.5553894042969, 386.5179443359375, 0.8955495357513428], [480.069091796875, 385.4822082519531, 0.8904739618301392]]"
IMG_0578.jpg,rhythm_box,"[[285.2030944824219, 297.624267578125, 0.8335869312286377], [290.3302307128906, 290.90618896484375, 0.8709185123443604], [286.63360595703125, 291.412841796875, 0.30475953221321106], [311.38690185546875, 294.2510681152344, 0.9034265875816345], [299.8695068359375, 294.9775085449219, 0.08008885383605957], [321.23773193359375, 331.6876220703125, 0.989780843257904], [314.043212890625, 325.4869384765625, 0.9634140729904175], [289.7605895996094, 377.74725341796875, 0.9811872839927673], [282.7044372558594, 362.7196350097656, 0.7643764019012451], [270.6634826660156, 335.79486083984375, 0.9675136804580688], [270.3009948730469, 322.6334228515625, 0.786263108253479], [320.09716796875, 414.59393310546875, 0.9680356383323669], [315.49603271484375, 407.9068603515625, 0.9385700225830078], [254.3459014892578, 368.7857971191406, 0.9170855283737183], [252.75048828125, 363.054931640625, 0.7905893325805664], [236.73358154296875, 400.575927734375, 0.8248458504676819], [232.03689575195312, 390.78497314453125, 0.679529070854187]]"
IMG_0580.jpg,rhythm_box,
IMG_0581.jpg,rhythm_box,"[[374.0435791015625, 336.3568420410156, 0.8114571571350098], [379.8565368652344, 332.65191650390625, 0.7592491507530212], [374.5020751953125, 330.622802734375, 0.5843924283981323], [395.10833740234375, 341.39776611328125, 0.652140736579895], [377.2589111328125, 336.5627746582031, 0.3090144991874695], [387.4569396972656, 369.8453369140625, 0.9619011878967285], [373.5670166015625, 359.06982421875, 0.9582760334014893], [367.78131103515625, 369.2587585449219, 0.8915623426437378], [342.7606506347656, 353.3380126953125, 0.8128305673599243], [358.09637451171875, 321.0249328613281, 0.8957706689834595], [349.32958984375, 318.243408203125, 0.8233411312103271], [342.11138916015625, 410.0785827636719, 0.9406455755233765], [333.6130676269531, 401.22601318359375, 0.9348231554031372], [293.2789001464844, 341.3841247558594, 0.9414467215538025], [290.7198791503906, 333.84515380859375, 0.9218006134033203], [235.88821411132812, 381.0877990722656, 0.944595456123352], [243.20257568359375, 373.7535705566406, 0.9332132339477539]]"
IMG_0582.jpg,rhythm_box,"[[275.5811767578125, 308.5248718261719, 0.7871971130371094], [279.2152099609375, 300.72686767578125, 0.8264875411987305], [276.0487060546875, 301.85638427734375, 0.21936750411987305], [299.517333984375, 298.8769836425781, 0.8865078091621399], [291.9548645019531, 300.57659912109375, 0.06829088926315308], [307.975830078125, 330.39837646484375, 0.9842542409896851], [315.8997497558594, 323.5284423828125, 0.9524139165878296], [265.1098327636719, 375.8174743652344, 0.9713686108589172], [280.160888671875, 360.1909484863281, 0.7097582817077637], [242.88365173339844, 347.1929931640625, 0.9533628225326538], [245.44308471679688, 337.77618408203125, 0.7401206493377686], [315.3493957519531, 417.85015869140625, 0.9527866840362549], [320.39300537109375, 410.10028076171875, 0.9158151149749756], [239.0915985107422, 366.1854248046875, 0.9049783945083618], [250.03396606445312, 359.3034362792969, 0.769752025604248], [210.7700958251953, 413.3109436035156, 0.8249397277832031], [217.40560913085938, 401.8427734375, 0.6877012848854065]]"
IMG_0583.jpg,rhythm_box,"[[251.66444396972656, 309.0817565917969, 0.8634792566299438], [257.03277587890625, 301.3017578125, 0.9005194306373596], [251.19888305664062, 303.2271728515625, 0.3614722490310669], [279.7728271484375, 300.75823974609375, 0.9191886186599731], [261.525146484375, 304.8009338378906, 0.0873757004737854], [294.02398681640625, 333.7199401855469, 0.9871619939804077], [277.4150390625, 332.65887451171875, 0.9544225931167603], [247.37460327148438, 372.85198974609375, 0.9684405326843262], [236.7709503173828, 366.71954345703125, 0.6660381555557251], [218.61453247070312, 366.7839050292969, 0.9460101127624512], [222.00558471679688, 366.13958740234375, 0.6967655420303345], [308.06341552734375, 421.51995849609375, 0.9604235291481018], [295.98370361328125, 417.2196044921875, 0.9233931303024292], [238.270751953125, 369.0473327636719, 0.9263800382614136], [231.72726440429688, 364.716064453125, 0.8065571784973145], [211.5347137451172, 422.6795959472656, 0.87767493724823], [208.6212158203125, 413.84576416015625, 0.7605899572372437]]"
IMG_0585.jpg,squat,"[[325.531494140625, 228.80694580078125, 0.9731771945953369], [331.0889587402344, 221.79348754882812, 0.9223955273628235], [318.28912353515625, 223.3551025390625, 0.9540499448776245], [340.608642578125, 222.55072021484375, 0.6682565212249756], [307.0588684082031, 225.622314453125, 0.8217428922653198], [345.3634033203125, 251.53268432617188, 0.9849366545677185], [298.2835693359375, 255.4808349609375, 0.991522490978241], [335.4625549316406, 297.4681091308594, 0.929728627204895], [293.62615966796875, 303.4778137207031, 0.9676403999328613], [320.8395080566406, 312.33795166015625, 0.8692768812179565], [302.62823486328125, 318.4710693359375, 0.9279521107673645], [340.0489501953125, 322.401611328125, 0.9904755353927612], [298.58984375, 324.76605224609375, 0.9928807020187378], [369.72705078125, 351.80841064453125, 0.9754282236099243], [267.1873779296875, 357.41583251953125, 0.9823311567306519], [386.7149963378906, 400.5638427734375, 0.9463881254196167], [239.9310302734375, 410.115234375, 0.9561021327972412]]"
IMG_0586.jpg,squat,"[[326.1775207519531, 196.0770263671875, 0.9770480394363403], [331.7094421386719, 189.14666748046875, 0.9206235408782959], [319.1434326171875, 190.53738403320312, 0.9602518081665039], [339.54302978515625, 191.267333984375, 0.6490511894226074], [306.8194580078125, 193.99014282226562, 0.8461513519287109], [344.1309814453125, 222.5299072265625, 0.9877974987030029], [294.4025573730469, 227.22320556640625, 0.9939104318618774], [346.7184143066406, 266.5085754394531, 0.9433295726776123], [292.53607177734375, 273.5960388183594, 0.9783182144165039], [354.61370849609375, 290.6827697753906, 0.8964517116546631], [313.5165710449219, 283.4281005859375, 0.9498375654220581], [335.8061218261719, 297.73077392578125, 0.9930824637413025], [293.43560791015625, 300.78668212890625, 0.99507737159729], [369.27398681640625, 343.4132995605469, 0.9788949489593506], [264.0840759277344, 348.4173889160156, 0.9855529069900513], [388.5653381347656, 396.2676696777344, 0.9445808529853821], [237.15960693359375, 402.6131591796875, 0.9558191895484924]]"
IMG_0588.jpg,squat,"[[325.9010925292969, 165.59886169433594, 0.9762203693389893], [331.3817138671875, 158.63827514648438, 0.9161274433135986], [318.455810546875, 159.91815185546875, 0.9590549468994141], [339.3312072753906, 162.21791076660156, 0.6320672035217285], [305.7964782714844, 164.8738250732422, 0.8440074920654297], [346.1565246582031, 196.88055419921875, 0.9869608879089355], [293.7971496582031, 201.111083984375, 0.9939089417457581], [346.2253723144531, 242.052978515625, 0.9399772882461548], [293.64862060546875, 247.32525634765625, 0.9789828062057495], [346.1452941894531, 260.12969970703125, 0.8915459513664246], [311.47650146484375, 246.8687744140625, 0.9513059258460999], [338.19293212890625, 280.8019104003906, 0.9933861494064331], [293.7969665527344, 282.82049560546875, 0.995482325553894], [370.85040283203125, 340.3464050292969, 0.9802844524383545], [265.2056579589844, 341.537109375, 0.9870831370353699], [387.9202880859375, 398.49835205078125, 0.9457876682281494], [236.85186767578125, 399.09747314453125, 0.9582533836364746]]"
IMG_0589.jpg,squat,"[[322.8158874511719, 139.2753143310547, 0.9769786596298218], [330.64886474609375, 132.85989379882812, 0.915093183517456], [315.31390380859375, 132.34506225585938, 0.9563357830047607], [339.81842041015625, 139.25733947753906, 0.6317638158798218], [301.87628173828125, 138.0911102294922, 0.824506402015686], [348.0107421875, 177.013916015625, 0.9862919449806213], [284.3503112792969, 178.72149658203125, 0.9939055442810059], [352.38763427734375, 227.33465576171875, 0.9499349594116211], [286.90472412109375, 220.78021240234375, 0.9834648966789246], [361.7904968261719, 256.72601318359375, 0.9206612706184387], [302.9457702636719, 207.63494873046875, 0.9652079939842224], [335.7189025878906, 268.17388916015625, 0.9911006689071655], [284.3338928222656, 269.9518737792969, 0.9941057562828064], [381.32830810546875, 336.57830810546875, 0.9674248695373535], [265.10467529296875, 334.45562744140625, 0.9792894124984741], [395.22894287109375, 394.1502380371094, 0.8990477323532104], [240.50433349609375, 390.174560546875, 0.9239100813865662]]"
IMG_0591.jpg,ready,"[[316.5528259277344, 111.32192993164062, 0.9728695154190063], [323.3662109375, 104.96206665039062, 0.9335693120956421], [310.3410949707031, 105.4366455078125, 0.9334836602210999], [331.67138671875, 110.75711059570312, 0.7555432319641113], [300.6578063964844, 111.67752075195312, 0.7426852583885193], [340.83941650390625, 147.57818603515625, 0.98993319272995], [289.74346923828125, 150.8759307861328, 0.9901461601257324], [350.9355773925781, 198.35733032226562, 0.9610846042633057], [286.1311950683594, 186.59637451171875, 0.9601527452468872], [360.00640869140625, 236.79669189453125, 0.9278843402862549], [303.778076171875, 168.49143981933594, 0.9260035157203674], [338.298095703125, 238.99688720703125, 0.9927871227264404], [296.2560729980469, 241.58438110351562, 0.9923456907272339], [358.438720703125, 310.1320495605469, 0.9796213507652283], [266.6697998046875, 314.8106689453125, 0.9792869091033936], [378.87506103515625, 381.8715515136719, 0.9313260912895203], [250.604736328125, 384.2618408203125, 0.9317048788070679]]"
IMG_0592.jpg,ready,"[[316.58245849609375, 121.69956970214844, 0.9680188894271851], [323.59124755859375, 115.77037048339844, 0.9348137378692627], [310.640380859375, 116.35479736328125, 0.9097591638565063], [332.9565124511719, 122.59428405761719, 0.7969607710838318], [301.7776184082031, 123.46113586425781, 0.6775808334350586], [341.4717712402344, 159.12890625, 0.9933813810348511], [291.0731506347656, 163.6544647216797, 0.9873397350311279], [350.5761413574219, 208.877685546875, 0.9755815863609314], [287.3951110839844, 205.664794921875, 0.9428637027740479], [358.01641845703125, 242.769775390625, 0.9454584121704102], [301.31927490234375, 183.85223388671875, 0.9050018787384033], [336.7130126953125, 248.74142456054688, 0.995670735836029], [295.46478271484375, 251.25039672851562, 0.9936222434043884], [357.21148681640625, 317.69677734375, 0.9872075915336609], [264.8771057128906, 321.8467712402344, 0.982488751411438], [379.6984558105469, 390.5029296875, 0.9519169330596924], [249.92071533203125, 391.2031555175781, 0.9425855875015259]]"
IMG_0594.jpg,squat,"[[324.99017333984375, 184.0423583984375, 0.9747059941291809], [331.47406005859375, 177.76712036132812, 0.924613356590271], [318.4261779785156, 178.18545532226562, 0.9507008790969849], [339.72650146484375, 182.25604248046875, 0.6970619559288025], [307.9595642089844, 183.64556884765625, 0.8127783536911011], [346.71917724609375, 215.0985107421875, 0.9871516823768616], [294.29620361328125, 220.72479248046875, 0.9932180643081665], [352.3108825683594, 258.56488037109375, 0.9453270435333252], [293.1582946777344, 267.2118225097656, 0.97529137134552], [363.554931640625, 279.257568359375, 0.9107614755630493], [318.70965576171875, 264.91900634765625, 0.9493981599807739], [336.92254638671875, 293.1014709472656, 0.9917725324630737], [293.38140869140625, 296.0945739746094, 0.9936029314994812], [370.2804260253906, 342.9568176269531, 0.9771394729614258], [271.0568542480469, 345.9154968261719, 0.9831766486167908], [381.5539855957031, 397.704833984375, 0.9380426406860352], [244.94383239746094, 401.4046630859375, 0.949390172958374]]"
IMG_0596.jpg,squat,"[[325.7043762207031, 225.12493896484375, 0.9738345146179199], [331.281494140625, 218.49322509765625, 0.9134852290153503], [318.4719543457031, 219.68505859375, 0.9622390270233154], [339.47076416015625, 220.879150390625, 0.6120153665542603], [306.0564880371094, 223.1317138671875, 0.8578990697860718], [343.88482666015625, 250.34808349609375, 0.9797431230545044], [295.48455810546875, 256.0377197265625, 0.9924329519271851], [341.0959167480469, 291.7099914550781, 0.8965171575546265], [293.2158203125, 305.0867004394531, 0.9719566702842712], [341.3161315917969, 306.01220703125, 0.8276389837265015], [306.4432678222656, 317.1219177246094, 0.9340683817863464], [339.3219299316406, 322.37640380859375, 0.9869248867034912], [298.00970458984375, 325.6171875, 0.9920138120651245], [370.3933410644531, 347.5498352050781, 0.96819007396698], [268.68719482421875, 352.4161682128906, 0.9812322854995728], [383.29840087890625, 398.2076721191406, 0.9368717074394226], [243.0821990966797, 406.4373474121094, 0.9543449282646179]]"
IMG_0598.jpg,squat,"[[322.1995544433594, 195.67855834960938, 0.9769791960716248], [328.4972229003906, 189.025634765625, 0.9236054420471191], [315.138427734375, 190.244384765625, 0.9593439102172852], [337.6825256347656, 192.64572143554688, 0.6732235550880432], [303.7708740234375, 194.9815673828125, 0.8421618938446045], [343.30206298828125, 225.08099365234375, 0.988233208656311], [291.01934814453125, 230.18881225585938, 0.9939597845077515], [347.36968994140625, 270.64483642578125, 0.9444622993469238], [291.6561584472656, 277.6328430175781, 0.978248119354248], [358.62188720703125, 298.64031982421875, 0.8976603150367737], [317.11419677734375, 281.61785888671875, 0.9495033621788025], [333.6702880859375, 299.784912109375, 0.9930265545845032], [289.7859191894531, 303.1422119140625, 0.9949819445610046], [369.5024108886719, 344.92535400390625, 0.9781528115272522], [262.83709716796875, 349.9171142578125, 0.985012412071228], [386.32464599609375, 395.5959167480469, 0.9423269033432007], [237.96395874023438, 401.86865234375, 0.9540508985519409]]"
IMG_0599.jpg,squat,"[[318.9242858886719, 155.12374877929688, 0.978450357913971], [325.98309326171875, 148.65109252929688, 0.930633008480072], [312.0839538574219, 149.52008056640625, 0.9544800519943237], [336.50506591796875, 154.11241149902344, 0.7147637605667114], [302.17169189453125, 155.90960693359375, 0.8125143051147461], [345.0987854003906, 190.06185913085938, 0.991045355796814], [290.53839111328125, 196.21456909179688, 0.9945459365844727], [350.3617858886719, 238.87295532226562, 0.9624747037887573], [291.56298828125, 242.05926513671875, 0.9816555976867676], [361.2725830078125, 271.3287048339844, 0.9288357496261597], [308.3598937988281, 228.8575439453125, 0.9586964845657349], [336.6173400878906, 276.58709716796875, 0.9949790239334106], [291.33740234375, 279.82244873046875, 0.9960857033729553], [370.04376220703125, 334.55706787109375, 0.9824339151382446], [262.1253967285156, 337.9399108886719, 0.9869627952575684], [385.0318603515625, 395.0708923339844, 0.9430662393569946], [236.93997192382812, 397.9018859863281, 0.9527698159217834]]"
IMG_0601.jpg,ready,"[[318.0355529785156, 118.29440307617188, 0.9698565006256104], [325.42236328125, 112.21270751953125, 0.9350581169128418], [311.5938415527344, 112.60148620605469, 0.9221370220184326], [334.7129211425781, 119.52685546875, 0.7823090553283691], [301.61663818359375, 120.01136779785156, 0.7122759819030762], [341.28521728515625, 158.4842529296875, 0.9923125505447388], [290.13983154296875, 162.3304901123047, 0.9877984523773193], [346.9125671386719, 210.28305053710938, 0.9693653583526611], [289.4393615722656, 208.5006103515625, 0.9441330432891846], [358.474853515625, 244.4573974609375, 0.9335311651229858], [307.55938720703125, 192.62716674804688, 0.9032782316207886], [335.1146545410156, 252.22189331054688, 0.9947094917297363], [292.8641662597656, 254.46572875976562, 0.9928865432739258], [358.6688232421875, 321.2398376464844, 0.9842079281806946], [263.2561950683594, 323.4981384277344, 0.9802259206771851], [381.6152038574219, 394.7218017578125, 0.9433904886245728], [247.66656494140625, 393.263916015625, 0.9359607696533203]]"
IMG_0605.jpg,lunge,"[[391.75738525390625, 262.2043762207031, 0.9744172692298889], [395.58038330078125, 255.08200073242188, 0.897301197052002], [385.2118835449219, 257.1413879394531, 0.9546655416488647], [397.757568359375, 255.32244873046875, 0.5664189457893372], [371.4272155761719, 261.1751403808594, 0.8295426368713379], [394.52154541015625, 275.04180908203125, 0.9883060455322266], [356.62762451171875, 293.8553466796875, 0.9924464225769043], [415.9429931640625, 286.62030029296875, 0.9557455778121948], [362.1062927246094, 345.3880615234375, 0.977565586566925], [440.33612060546875, 275.6500244140625, 0.9213781356811523], [386.397705078125, 345.2330322265625, 0.9520807862281799], [359.0442199707031, 353.3709716796875, 0.9935438632965088], [323.05450439453125, 360.2808532714844, 0.994713306427002], [400.5625305175781, 368.35430908203125, 0.980603814125061], [297.46173095703125, 381.3611755371094, 0.9850060343742371], [402.8121643066406, 407.8548583984375, 0.9548324346542358], [247.69781494140625, 423.8082275390625, 0.9594805240631104]]"
IMG_0609.jpg,lunge,"[[205.22198486328125, 260.13946533203125, 0.9351320862770081], [212.7633056640625, 254.14974975585938, 0.9542851448059082], [202.94981384277344, 252.31402587890625, 0.623712956905365], [233.50570678710938, 257.076904296875, 0.9424701929092407], [208.52774047851562, 252.0186767578125, 0.21122393012046814], [249.01646423339844, 293.63262939453125, 0.9972418546676636], [222.80702209472656, 277.2469482421875, 0.939793586730957], [246.5594482421875, 355.8917236328125, 0.9941142797470093], [226.78585815429688, 297.85675048828125, 0.7221097350120544], [239.30706787109375, 422.08740234375, 0.9781458377838135], [218.4078826904297, 307.57647705078125, 0.6977760791778564], [287.402587890625, 352.0695495605469, 0.996758759021759], [258.45013427734375, 347.08392333984375, 0.9851362109184265], [323.5818176269531, 391.6798400878906, 0.9915653467178345], [218.79721069335938, 385.4770812988281, 0.9642465710639954], [384.19439697265625, 419.99884033203125, 0.9751375913619995], [219.75289916992188, 408.78271484375, 0.9408049583435059]]"
IMG_0610.jpg,lunge,"[[219.6681365966797, 249.6749267578125, 0.9594013690948486], [226.64700317382812, 242.63632202148438, 0.9602998495101929], [215.02137756347656, 242.75473022460938, 0.7746796607971191], [244.1622314453125, 246.14825439453125, 0.9287844896316528], [216.23281860351562, 245.64630126953125, 0.34865134954452515], [261.913818359375, 284.73162841796875, 0.9969822764396667], [229.98562622070312, 273.5740661621094, 0.971186637878418], [258.3870544433594, 350.8392639160156, 0.9921039342880249], [230.1223602294922, 294.813232421875, 0.85530024766922], [239.8134765625, 410.8912048339844, 0.9756344556808472], [215.50070190429688, 287.3692626953125, 0.8225669860839844], [297.45562744140625, 347.7088623046875, 0.9966383576393127], [265.02783203125, 343.88134765625, 0.9898427724838257], [318.041015625, 373.0904541015625, 0.9921680688858032], [213.91375732421875, 368.2828674316406, 0.9774260520935059], [374.6587219238281, 421.36627197265625, 0.9778923988342285], [215.3133544921875, 410.50299072265625, 0.9589815139770508]]"
IMG_0612.jpg,slide,"[[278.29779052734375, 276.91241455078125, 0.9702035188674927], [285.5185241699219, 269.32305908203125, 0.894852876663208], [272.837646484375, 271.74102783203125, 0.9633959531784058], [294.8578796386719, 266.8490905761719, 0.6005953550338745], [261.221923828125, 270.70562744140625, 0.8882676362991333], [295.9456481933594, 281.05902099609375, 0.981062650680542], [240.01287841796875, 301.62005615234375, 0.9953203201293945], [317.5267639160156, 309.63702392578125, 0.9140843152999878], [231.1397705078125, 359.666259765625, 0.9839646220207214], [332.10693359375, 327.140625, 0.8582216501235962], [225.78564453125, 422.6507568359375, 0.9526152014732361], [290.9675598144531, 325.76995849609375, 0.990084707736969], [244.44033813476562, 340.0147705078125, 0.9946686029434204], [354.09088134765625, 362.02752685546875, 0.9709265232086182], [228.71249389648438, 386.1578674316406, 0.9850919246673584], [401.9783020019531, 376.91162109375, 0.9313690662384033], [229.60476684570312, 412.9169921875, 0.9548993706703186]]"
IMG_0614.jpg,slide,"[[288.19305419921875, 284.4293212890625, 0.9664205312728882], [293.385498046875, 277.07623291015625, 0.8887266516685486], [282.8155212402344, 280.0882873535156, 0.9519636631011963], [300.1658630371094, 273.491455078125, 0.6021509766578674], [271.8764953613281, 279.65679931640625, 0.8511756658554077], [300.30694580078125, 287.842041015625, 0.9834740161895752], [252.7210693359375, 304.27410888671875, 0.9924511313438416], [320.74444580078125, 303.0306396484375, 0.9346431493759155], [259.75970458984375, 341.252685546875, 0.9761723279953003], [344.59832763671875, 307.1044616699219, 0.8937515020370483], [269.27264404296875, 345.57696533203125, 0.9480504989624023], [277.0340270996094, 336.0221862792969, 0.9892808198928833], [236.22921752929688, 345.19970703125, 0.9923111200332642], [345.44354248046875, 354.967529296875, 0.9663376808166504], [233.0694122314453, 364.16058349609375, 0.9775460362434387], [391.3650817871094, 371.0533447265625, 0.9273471236228943], [229.98324584960938, 381.5464782714844, 0.9432792067527771]]"
IMG_0618.jpg,slide,"[[258.76416015625, 287.0810852050781, 0.9746914505958557], [267.39288330078125, 280.02911376953125, 0.9481737613677979], [252.46957397460938, 279.8311462402344, 0.9312305450439453], [278.3948059082031, 281.8451232910156, 0.7899194955825806], [236.4610137939453, 279.5517272949219, 0.7026315927505493], [281.8187255859375, 308.92840576171875, 0.9935792684555054], [218.43101501464844, 308.2085876464844, 0.987879753112793], [293.1114807128906, 365.73358154296875, 0.9789468050003052], [204.91522216796875, 340.3345947265625, 0.9489090442657471], [291.449462890625, 423.98199462890625, 0.9516564607620239], [224.88851928710938, 326.82171630859375, 0.9212360978126526], [302.5487365722656, 346.3488464355469, 0.9927253723144531], [249.69210815429688, 353.91510009765625, 0.9894121289253235], [372.25494384765625, 365.41229248046875, 0.9746307134628296], [240.5738525390625, 385.3793029785156, 0.9661585092544556], [424.55657958984375, 372.30560302734375, 0.9318948984146118], [248.76287841796875, 396.7383728027344, 0.9200319647789001]]"
IMG_0619.jpg,slide,"[[429.0511779785156, 280.687744140625, 0.9575991034507751], [437.2195739746094, 274.4320373535156, 0.9047984480857849], [423.61956787109375, 273.9013671875, 0.9407646656036377], [452.572021484375, 275.329833984375, 0.6712043285369873], [415.7037048339844, 274.3818359375, 0.7845728397369385], [450.5316162109375, 291.1729431152344, 0.9720579385757446], [406.125732421875, 299.49224853515625, 0.9867411851882935], [444.80975341796875, 331.2584228515625, 0.8793075084686279], [416.7293701171875, 359.0367431640625, 0.9551125764846802], [441.3611145019531, 322.2818603515625, 0.8031372427940369], [443.70330810546875, 335.5758972167969, 0.8973232507705688], [413.1712646484375, 321.8243713378906, 0.9797396659851074], [371.21575927734375, 321.9499206542969, 0.9852191209793091], [453.4886779785156, 356.7904357910156, 0.9396061897277832], [328.94537353515625, 356.02008056640625, 0.9592108726501465], [429.6667175292969, 367.1139221191406, 0.86301189661026], [261.70343017578125, 369.36053466796875, 0.8904557824134827]]"
IMG_0623.jpg,slide,"[[467.5007629394531, 284.8570556640625, 0.967668890953064], [472.85009765625, 277.88189697265625, 0.8624674081802368], [460.134521484375, 278.0261535644531, 0.9637984037399292], [477.90838623046875, 277.81304931640625, 0.4771365225315094], [445.8800048828125, 279.49658203125, 0.8898569941520691], [466.7586364746094, 302.9474182128906, 0.9661189317703247], [432.0511779785156, 305.5902404785156, 0.9944085478782654], [456.50244140625, 355.3848876953125, 0.8488727807998657], [439.7996520996094, 367.828857421875, 0.9856897592544556], [465.75201416015625, 320.1229248046875, 0.8058151006698608], [468.4389953613281, 320.48492431640625, 0.9617208242416382], [404.22235107421875, 336.7261657714844, 0.9711499214172363], [371.5337219238281, 333.7232666015625, 0.9873403310775757], [421.80902099609375, 371.83447265625, 0.8822271823883057], [334.88519287109375, 370.28973388671875, 0.9481399655342102], [378.9978942871094, 368.54522705078125, 0.7491861581802368], [255.54689025878906, 371.55267333984375, 0.836079478263855]]"
IMG_0626.jpg,ready,"[[392.9405517578125, 101.97958374023438, 0.9530365467071533], [398.5501403808594, 95.08700561523438, 0.8618654608726501], [385.4154357910156, 94.28129577636719, 0.9150533676147461], [402.8951416015625, 102.95944213867188, 0.5836973786354065], [374.60919189453125, 102.34536743164062, 0.7883657217025757], [407.85406494140625, 147.658447265625, 0.9678670167922974], [361.44781494140625, 143.9970703125, 0.9891916513442993], [400.4578857421875, 199.38128662109375, 0.8737717866897583], [364.19464111328125, 184.4208984375, 0.9645847082138062], [412.71734619140625, 218.23825073242188, 0.8347388505935669], [390.51654052734375, 181.21102905273438, 0.9288666248321533], [383.30419921875, 248.819091796875, 0.9805606603622437], [343.86834716796875, 244.88571166992188, 0.9874518513679504], [384.93170166015625, 313.48687744140625, 0.9650590419769287], [306.5201721191406, 302.5093688964844, 0.9780445694923401], [371.9373474121094, 384.6881103515625, 0.9201055765151978], [264.5042724609375, 369.3416748046875, 0.9420302510261536]]"
IMG_0628.jpg,ready,"[[403.19091796875, 111.1639404296875, 0.9387681484222412], [410.13128662109375, 105.46159362792969, 0.8095258474349976], [396.3894348144531, 104.93292236328125, 0.9191516041755676], [415.1763610839844, 114.609130859375, 0.5014727115631104], [383.118408203125, 112.99598693847656, 0.8171107769012451], [412.6073913574219, 157.58416748046875, 0.9698315858840942], [366.1952209472656, 154.28009033203125, 0.9898435473442078], [396.4986877441406, 214.176025390625, 0.8603037595748901], [374.8524169921875, 206.7364501953125, 0.9673835635185242], [386.9031982421875, 198.12701416015625, 0.8012402057647705], [401.89093017578125, 178.92218017578125, 0.9301134347915649], [374.7530822753906, 254.7813720703125, 0.9898409843444824], [334.9761657714844, 250.8990478515625, 0.9938557147979736], [386.537841796875, 320.0911865234375, 0.9735112190246582], [298.44842529296875, 314.75042724609375, 0.9850945472717285], [379.20263671875, 377.7555236816406, 0.927083432674408], [257.61932373046875, 375.7974853515625, 0.9489288330078125]]"
IMG_0630.jpg,squat,"[[434.1842956542969, 164.23440551757812, 0.965469241142273], [440.09405517578125, 157.1154022216797, 0.8419222831726074], [426.9873962402344, 157.40994262695312, 0.9616218209266663], [444.1685791015625, 160.25625610351562, 0.4542858600616455], [413.36529541015625, 161.3269500732422, 0.8962976932525635], [431.7380065917969, 195.97506713867188, 0.9678747057914734], [394.5352783203125, 192.4715576171875, 0.995103120803833], [402.5350341796875, 242.12646484375, 0.8450961709022522], [390.2933044433594, 244.41677856445312, 0.9861364364624023], [403.927001953125, 233.8685302734375, 0.7720227241516113], [416.0729064941406, 240.0291748046875, 0.9571857452392578], [378.0602111816406, 268.1536560058594, 0.9897615909576416], [342.3576354980469, 262.52874755859375, 0.9958425760269165], [392.1097717285156, 331.93255615234375, 0.9746548533439636], [297.11248779296875, 321.69329833984375, 0.9898965358734131], [379.1321105957031, 384.74853515625, 0.9438374042510986], [237.42758178710938, 376.1364440917969, 0.9676328897476196]]"
IMG_0633.jpg,lunge,"[[458.1175842285156, 153.91384887695312, 0.9661608934402466], [464.00079345703125, 147.7694854736328, 0.8229843378067017], [451.71112060546875, 146.44140625, 0.9642645120620728], [465.683349609375, 152.5582733154297, 0.3965611457824707], [434.9696044921875, 149.92393493652344, 0.9098484516143799], [451.776123046875, 189.14376831054688, 0.9699950218200684], [410.47552490234375, 184.34768676757812, 0.9964343309402466], [427.64117431640625, 235.26141357421875, 0.8533592820167542], [411.3675842285156, 240.2890625, 0.9902629852294922], [423.571044921875, 223.15081787109375, 0.7881342172622681], [433.2312927246094, 232.8671875, 0.9676367044448853], [391.0097351074219, 263.7193603515625, 0.9930393695831299], [353.1291198730469, 256.1383056640625, 0.997429370880127], [399.5718994140625, 329.49835205078125, 0.9839121103286743], [302.7742004394531, 314.5855712890625, 0.9941440224647522], [379.951416015625, 385.6649169921875, 0.9637609720230103], [245.022216796875, 372.64483642578125, 0.9803997874259949]]"
IMG_0634.jpg,lunge,"[[286.29046630859375, 175.14547729492188, 0.9627324342727661], [295.39239501953125, 170.47830200195312, 0.933402419090271], [283.0036926269531, 168.18409729003906, 0.8789135217666626], [309.5989074707031, 177.19708251953125, 0.8333616256713867], [279.5124816894531, 169.20974731445312, 0.6145820021629333], [318.0976867675781, 213.01318359375, 0.9939172267913818], [281.67156982421875, 204.00018310546875, 0.9865537881851196], [303.51837158203125, 279.00537109375, 0.9816261529922485], [299.8065185546875, 254.25128173828125, 0.9477857351303101], [274.00262451171875, 316.9668273925781, 0.9561440944671631], [290.1409606933594, 288.1287536621094, 0.9163556098937988], [358.8067321777344, 287.68951416015625, 0.9957358837127686], [320.2101745605469, 287.6718444824219, 0.9940532445907593], [410.193115234375, 347.01031494140625, 0.9876916408538818], [295.19793701171875, 343.354248046875, 0.9838317632675171], [482.7966003417969, 388.49615478515625, 0.9669228196144104], [315.282958984375, 388.0317687988281, 0.9626530408859253]]"
IMG_0636.jpg,running_slide,"[[417.2037658691406, 308.0751953125, 0.9481563568115234], [420.47320556640625, 300.1847229003906, 0.7416236400604248], [411.55291748046875, 301.0652160644531, 0.9576791524887085], [417.80242919921875, 295.91485595703125, 0.3139241933822632], [392.2492370605469, 298.063720703125, 0.9234768748283386], [398.4565734863281, 315.32568359375, 0.963478684425354], [362.06146240234375, 321.24310302734375, 0.9951491951942444], [376.91290283203125, 371.59674072265625, 0.8273133039474487], [363.7561340332031, 392.70025634765625, 0.9872444868087769], [386.5013122558594, 355.14508056640625, 0.7548919320106506], [389.32647705078125, 367.8328552246094, 0.9606257677078247], [331.88720703125, 353.1456604003906, 0.9853724241256714], [295.7327880859375, 352.4511413574219, 0.9940533638000488], [382.41436767578125, 401.489501953125, 0.9529240727424622], [270.831787109375, 393.03082275390625, 0.9819468259811401], [369.63995361328125, 412.4090576171875, 0.8893179297447205], [204.075927734375, 399.9769592285156, 0.9373853206634521]]"
IMG_0638.jpg,running_slide,"[[420.4790344238281, 313.35394287109375, 0.941053032875061], [426.3900146484375, 306.67486572265625, 0.7361730337142944], [415.25262451171875, 304.3292541503906, 0.9370694160461426], [426.1415100097656, 304.5394287109375, 0.3366692066192627], [397.0085144042969, 299.64947509765625, 0.872859001159668], [405.8728942871094, 325.38555908203125, 0.9596987366676331], [366.2125244140625, 320.2294006347656, 0.9917584657669067], [379.0867919921875, 384.64739990234375, 0.8466631174087524], [365.0537414550781, 393.10772705078125, 0.9809606671333313], [388.4877624511719, 360.1158447265625, 0.7784003019332886], [393.2377014160156, 367.9512634277344, 0.9479674100875854], [340.45111083984375, 366.2408447265625, 0.9765650033950806], [300.93408203125, 360.4815979003906, 0.9889546632766724], [380.0478820800781, 403.2738037109375, 0.9210009574890137], [266.9867248535156, 390.3539733886719, 0.962861955165863], [362.8897399902344, 416.87884521484375, 0.83692467212677], [206.14639282226562, 404.03131103515625, 0.8915668725967407]]"
IMG_0641.jpg,running_slide,"[[212.04388427734375, 309.6976013183594, 0.9300975799560547], [219.5418701171875, 302.3525390625, 0.9536722898483276], [208.56607055664062, 301.58453369140625, 0.6871649026870728], [241.576416015625, 300.272705078125, 0.9323406219482422], [210.33786010742188, 297.3784484863281, 0.24893775582313538], [270.6436767578125, 330.722412109375, 0.9959643483161926], [228.75900268554688, 324.34478759765625, 0.9193671941757202], [291.958740234375, 399.283203125, 0.9885703921318054], [251.43460083007812, 379.18408203125, 0.6318199634552002], [272.0343017578125, 452.160400390625, 0.9529509544372559], [249.99130249023438, 444.6416015625, 0.5507669448852539], [329.3360290527344, 360.24908447265625, 0.9919586181640625], [290.53314208984375, 361.69085693359375, 0.968356192111969], [368.2886962890625, 420.78875732421875, 0.976051926612854], [265.9966735839844, 429.0767517089844, 0.9147189855575562], [438.0721435546875, 401.54583740234375, 0.9327484369277954], [287.35906982421875, 418.51727294921875, 0.8538577556610107]]"
IMG_0651.jpg,running_slide,"[[103.06953430175781, 313.4599609375, 0.9231793880462646], [109.93276977539062, 306.82147216796875, 0.9416741132736206], [98.6876449584961, 306.1562805175781, 0.5999026894569397], [131.39044189453125, 304.29351806640625, 0.9402282238006592], [101.6654281616211, 302.5397033691406, 0.24241092801094055], [152.2630615234375, 327.3779296875, 0.997795045375824], [127.54666137695312, 325.1803283691406, 0.956217885017395], [188.3982696533203, 393.1895751953125, 0.994495153427124], [163.97283935546875, 374.7640686035156, 0.7562909126281738], [165.0977020263672, 440.524169921875, 0.972615122795105], [159.70184326171875, 434.72650146484375, 0.6462053060531616], [235.89602661132812, 358.7060546875, 0.9949653744697571], [214.08389282226562, 366.7229309082031, 0.9780586957931519], [307.09161376953125, 390.52166748046875, 0.9757418632507324], [249.33663940429688, 404.87933349609375, 0.9068403244018555], [390.999267578125, 359.03216552734375, 0.9191895127296448], [314.70013427734375, 376.7817077636719, 0.8247196674346924]]"
IMG_0654.jpg,running_slide,"[[434.0295715332031, 280.03961181640625, 0.9621056318283081], [438.1201171875, 273.7757873535156, 0.8176879286766052], [426.02001953125, 273.3499755859375, 0.9565515518188477], [439.18792724609375, 276.5858154296875, 0.41256535053253174], [407.4504089355469, 276.37115478515625, 0.9002128839492798], [422.5517578125, 310.4350280761719, 0.9735788106918335], [401.3509521484375, 309.2172546386719, 0.9948898553848267], [421.13702392578125, 368.0845947265625, 0.8537822961807251], [407.5965576171875, 378.3392333984375, 0.9839843511581421], [431.93572998046875, 358.1255187988281, 0.7937277555465698], [421.9518737792969, 358.1756591796875, 0.9563020467758179], [354.5212707519531, 375.9724426269531, 0.9800657629966736], [332.91693115234375, 368.3031311035156, 0.9909474849700928], [331.15521240234375, 407.2515563964844, 0.9250935912132263], [286.89697265625, 400.5263671875, 0.9664143323898315], [261.53253173828125, 382.8306884765625, 0.8371384143829346], [205.97462463378906, 373.709228515625, 0.8938286304473877]]"
IMG_0657.jpg,slide,"[[313.79461669921875, 329.67218017578125, 0.7318943738937378], [318.8796691894531, 326.0462951660156, 0.3182220458984375], [313.54827880859375, 322.9795227050781, 0.7422022819519043], [320.2593994140625, 320.0631103515625, 0.09335476160049438], [305.540283203125, 311.5157775878906, 0.7419402599334717], [302.8509826660156, 319.49969482421875, 0.9530954360961914], [271.8163146972656, 310.54296875, 0.982796847820282], [333.88909912109375, 348.2816162109375, 0.8898444175720215], [261.2461242675781, 345.2447509765625, 0.9788806438446045], [377.82354736328125, 380.321533203125, 0.8787937760353088], [296.47808837890625, 387.5557861328125, 0.9588003158569336], [245.77847290039062, 337.34539794921875, 0.9717991352081299], [220.2253875732422, 334.29876708984375, 0.9837561845779419], [289.4501647949219, 356.5664978027344, 0.8857338428497314], [231.8927001953125, 355.0884704589844, 0.9385992288589478], [303.8743896484375, 378.2133483886719, 0.7826458215713501], [219.56149291992188, 379.7730712890625, 0.8571207523345947]]"
IMG_0658.jpg,slide,"[[314.5609130859375, 330.57501220703125, 0.9022685885429382], [320.0517578125, 327.88873291015625, 0.7534497976303101], [314.55810546875, 323.8597412109375, 0.8531922101974487], [323.45831298828125, 322.4934387207031, 0.5266221165657043], [306.693603515625, 312.16253662109375, 0.7638787031173706], [314.1863708496094, 330.4210205078125, 0.9728432893753052], [277.9414367675781, 319.54931640625, 0.9829591512680054], [343.99951171875, 362.7752380371094, 0.9025050401687622], [277.7828369140625, 360.3616943359375, 0.9501235485076904], [393.06060791015625, 386.60687255859375, 0.8578507900238037], [307.5450439453125, 398.7987365722656, 0.906296968460083], [248.30844116210938, 343.00201416015625, 0.9615675210952759], [226.3444366455078, 337.40228271484375, 0.9659076929092407], [266.0118408203125, 368.319091796875, 0.8820297718048096], [246.9361572265625, 358.545166015625, 0.9071640968322754], [240.60821533203125, 381.004638671875, 0.7375780344009399], [234.4447479248047, 371.51165771484375, 0.773238480091095]]"
IMG_0661.jpg,slide,"[[335.1396179199219, 339.3809509277344, 0.840975284576416], [334.7662048339844, 332.6351318359375, 0.8514926433563232], [329.4444580078125, 335.28082275390625, 0.481294184923172], [344.25726318359375, 320.596435546875, 0.7334413528442383], [329.19329833984375, 325.65777587890625, 0.10844656825065613], [380.5950927734375, 321.74652099609375, 0.9774422645568848], [337.2588806152344, 322.6501159667969, 0.9760583639144897], [387.5087890625, 371.0281066894531, 0.980664074420929], [302.99822998046875, 354.4271545410156, 0.9534460306167603], [358.33099365234375, 420.639892578125, 0.9688282012939453], [270.7088928222656, 385.4100036621094, 0.9440010786056519], [443.11810302734375, 342.6709289550781, 0.9796954393386841], [409.0543212890625, 344.5708923339844, 0.9793883562088013], [433.8988342285156, 380.1350402832031, 0.9230836629867554], [361.4892272949219, 381.1961364746094, 0.8877953290939331], [451.13092041015625, 408.0526123046875, 0.7660636305809021], [349.4732971191406, 405.87506103515625, 0.702167272567749]]"
IMG_0665.jpg,ready,"[[419.8296813964844, 115.9732666015625, 0.969835638999939], [424.1604309082031, 108.71646118164062, 0.8572322130203247], [411.54364013671875, 109.94448852539062, 0.9637616276741028], [427.34735107421875, 114.55148315429688, 0.47054362297058105], [397.5953063964844, 117.38467407226562, 0.9032546281814575], [425.5896301269531, 157.47698974609375, 0.9757925868034363], [385.1572570800781, 155.1297149658203, 0.9954372644424438], [411.5011901855469, 204.62860107421875, 0.8647790551185608], [386.6013488769531, 203.84890747070312, 0.9850090742111206], [412.05072021484375, 181.40835571289062, 0.7886441946029663], [410.3343811035156, 185.19204711914062, 0.9560678005218506], [398.3722229003906, 253.56622314453125, 0.9912256002426147], [362.0491638183594, 250.0115966796875, 0.9961174726486206], [411.1410827636719, 323.40106201171875, 0.9787049293518066], [327.59747314453125, 314.31689453125, 0.9908614158630371], [412.4498291015625, 391.3486328125, 0.9449137449264526], [286.218994140625, 380.33465576171875, 0.9673227667808533]]"
IMG_0668.jpg,slide,"[[474.5428161621094, 193.13592529296875, 0.922226071357727], [478.0914306640625, 187.67599487304688, 0.6761042475700378], [470.2337341308594, 186.59588623046875, 0.9375191330909729], [471.28277587890625, 191.30450439453125, 0.2780321538448334], [451.7821044921875, 188.47296142578125, 0.9069226980209351], [456.6839294433594, 217.3182373046875, 0.9345097541809082], [419.91650390625, 216.38906860351562, 0.992409348487854], [435.6350402832031, 260.175048828125, 0.7182201743125916], [411.045166015625, 262.71759033203125, 0.9804633259773254], [423.72589111328125, 262.8086853027344, 0.6614505052566528], [429.4167785644531, 268.4275207519531, 0.9472684860229492], [402.5843505859375, 279.9783935546875, 0.9823316335678101], [367.30682373046875, 276.8280334472656, 0.9933469295501709], [425.9055480957031, 331.9515380859375, 0.9657927751541138], [328.24102783203125, 326.73309326171875, 0.9878751039505005], [414.239501953125, 386.22088623046875, 0.9275873899459839], [270.0125427246094, 383.9112548828125, 0.9625757932662964]]"
IMG_0669.jpg,slide,"[[477.21038818359375, 200.67074584960938, 0.9066218733787537], [480.7138977050781, 195.0146484375, 0.6416029930114746], [473.432861328125, 194.87689208984375, 0.919703483581543], [474.44940185546875, 197.76882934570312, 0.2862207889556885], [457.4959411621094, 196.92791748046875, 0.8893242478370667], [458.3822937011719, 220.23745727539062, 0.9328162670135498], [427.8470458984375, 222.42657470703125, 0.9916105270385742], [439.79095458984375, 260.2160339355469, 0.7351414561271667], [419.03900146484375, 267.3162841796875, 0.9799627065658569], [437.35870361328125, 259.2984619140625, 0.6876449584960938], [439.52569580078125, 266.10614013671875, 0.9478002786636353], [403.1666564941406, 278.6444091796875, 0.9829618334770203], [371.7872314453125, 277.2193908691406, 0.9933156967163086], [420.56671142578125, 332.46929931640625, 0.9661055207252502], [328.2055969238281, 332.73663330078125, 0.9874725937843323], [412.38604736328125, 385.1974182128906, 0.9230005741119385], [269.5389099121094, 390.06488037109375, 0.9588927030563354]]"
IMG_0671.jpg,side_step,"[[464.87774658203125, 294.02294921875, 0.918583869934082], [469.31719970703125, 289.43621826171875, 0.7231340408325195], [464.48028564453125, 287.8133850097656, 0.9319384098052979], [470.3843078613281, 283.9066162109375, 0.3624567985534668], [455.14410400390625, 279.4443359375, 0.8709861040115356], [451.03271484375, 282.845703125, 0.9410808086395264], [425.937255859375, 284.913330078125, 0.9909392595291138], [432.42254638671875, 308.838134765625, 0.794658362865448], [414.1288146972656, 329.68804931640625, 0.9812784790992737], [422.78839111328125, 314.9148864746094, 0.7004047632217407], [425.9187927246094, 339.35101318359375, 0.939910888671875], [386.1806945800781, 291.26104736328125, 0.9871096611022949], [355.6130065917969, 288.63262939453125, 0.994542121887207], [437.3450927734375, 345.46380615234375, 0.9694195985794067], [312.30914306640625, 343.11578369140625, 0.9880354404449463], [421.1114501953125, 377.94964599609375, 0.9346318244934082], [233.94915771484375, 382.5006103515625, 0.9631178379058838]]"
IMG_0675.jpg,lunge,"[[429.2200012207031, 350.02215576171875, 0.8305777311325073], [433.14605712890625, 344.7677001953125, 0.5866815447807312], [426.71368408203125, 344.571044921875, 0.8316445350646973], [438.05218505859375, 331.49713134765625, 0.3100477457046509], [414.857177734375, 330.80584716796875, 0.743293285369873], [427.56170654296875, 321.6842041015625, 0.9224923849105835], [389.0554504394531, 325.64337158203125, 0.9815318584442139], [414.28546142578125, 351.03057861328125, 0.8117577433586121], [386.3744812011719, 367.83056640625, 0.970045804977417], [406.9371337890625, 354.069091796875, 0.7564659118652344], [411.53546142578125, 382.7183532714844, 0.9294533133506775], [373.1903076171875, 313.50335693359375, 0.9845895767211914], [337.2987365722656, 313.8744812011719, 0.9917974472045898], [412.96856689453125, 382.8653564453125, 0.9626110792160034], [311.400390625, 386.9043884277344, 0.9817315936088562], [398.4894714355469, 377.42205810546875, 0.9220820665359497], [252.81150817871094, 389.6904602050781, 0.9501064419746399]]"
IMG_0677.jpg,lunge,"[[352.728515625, 352.7430114746094, 0.8228460550308228], [359.2789306640625, 345.63922119140625, 0.7681559324264526], [347.3824768066406, 344.882080078125, 0.7619383335113525], [369.4173889160156, 332.7232971191406, 0.43836015462875366], [336.686767578125, 329.90570068359375, 0.45240485668182373], [375.7865295410156, 325.8190002441406, 0.9663962125778198], [305.0044250488281, 326.130126953125, 0.9499609470367432], [402.94451904296875, 361.15936279296875, 0.9532883763313293], [292.5020751953125, 368.39947509765625, 0.8903666734695435], [412.7658996582031, 393.5841369628906, 0.9224222898483276], [313.2401428222656, 393.63531494140625, 0.8431382179260254], [337.5491638183594, 330.2990417480469, 0.962254524230957], [283.70574951171875, 331.1349182128906, 0.9518094658851624], [370.683349609375, 377.68536376953125, 0.8652483820915222], [262.75445556640625, 380.3247375488281, 0.8267617225646973], [358.39654541015625, 400.9725341796875, 0.6557656526565552], [226.59591674804688, 406.85638427734375, 0.6092035174369812]]"
IMG_0680.jpg,side_step,"[[272.0257568359375, 346.6451416015625, 0.9427839517593384], [275.04296875, 339.0386047363281, 0.935225784778595], [264.59869384765625, 342.6734313964844, 0.8229273557662964], [287.4668884277344, 325.5130310058594, 0.8332041501998901], [250.92239379882812, 335.3104248046875, 0.43938806653022766], [314.353271484375, 312.8927001953125, 0.9919440150260925], [241.59690856933594, 336.6974792480469, 0.9499041438102722], [360.199951171875, 322.7749938964844, 0.9850444793701172], [230.60562133789062, 368.3492431640625, 0.831385612487793], [366.07489013671875, 360.04296875, 0.9681205153465271], [243.9607391357422, 387.86712646484375, 0.8121496438980103], [331.715576171875, 304.02978515625, 0.9871319532394409], [278.334716796875, 315.4261474609375, 0.965977668762207], [368.97943115234375, 367.8735656738281, 0.9491648077964783], [255.42835998535156, 378.11529541015625, 0.8748583793640137], [408.1700744628906, 386.179443359375, 0.8270155787467957], [257.0482482910156, 383.41156005859375, 0.7182636260986328]]"
IMG_0681.jpg,lunge,"[[189.4898223876953, 341.91656494140625, 0.8671643137931824], [190.83892822265625, 334.880859375, 0.8958002328872681], [187.28286743164062, 337.35260009765625, 0.5418983101844788], [204.2080841064453, 323.46588134765625, 0.8903104066848755], [190.868896484375, 328.9534912109375, 0.2375411093235016], [236.56869506835938, 330.9051208496094, 0.9940305948257446], [206.36642456054688, 338.0177917480469, 0.9120906591415405], [261.2218933105469, 378.65130615234375, 0.9864429235458374], [222.12423706054688, 386.66314697265625, 0.658435046672821], [249.671142578125, 422.6956787109375, 0.9541340470314026], [224.51080322265625, 422.03125, 0.6128283143043518], [299.00103759765625, 339.2022399902344, 0.9906948208808899], [272.8596496582031, 345.4607238769531, 0.9675447940826416], [326.3451232910156, 405.816650390625, 0.9796572327613831], [266.5772399902344, 409.77838134765625, 0.9325976967811584], [398.0348815917969, 409.6409606933594, 0.9408411979675293], [308.0757751464844, 409.3246765136719, 0.8783800005912781]]"
IMG_0682.jpg,lunge,"[[163.94677734375, 252.01248168945312, 0.9012471437454224], [167.92405700683594, 244.55447387695312, 0.9339996576309204], [158.3723602294922, 245.95407104492188, 0.6050269603729248], [183.7535400390625, 238.3076171875, 0.9123392105102539], [157.11212158203125, 241.69686889648438, 0.227505624294281], [207.82318115234375, 253.2825927734375, 0.9945518374443054], [177.7054901123047, 256.7322692871094, 0.9045233726501465], [221.5679168701172, 311.0270690917969, 0.9882877469062805], [195.02578735351562, 307.6234130859375, 0.6107776165008545], [193.65728759765625, 353.23040771484375, 0.9595886468887329], [184.64915466308594, 348.0961608886719, 0.5722129940986633], [271.1407775878906, 283.6597900390625, 0.9950718283653259], [239.50157165527344, 287.7799072265625, 0.9795350432395935], [304.81768798828125, 345.76019287109375, 0.9923630356788635], [205.31773376464844, 349.6864013671875, 0.9692332148551941], [379.7348327636719, 392.75927734375, 0.9812420606613159], [223.71575927734375, 391.93017578125, 0.9560291171073914]]"
IMG_0683.jpg,ready,"[[185.64730834960938, 127.38543701171875, 0.9459729194641113], [193.42230224609375, 121.84164428710938, 0.943087100982666], [181.03074645996094, 121.96798706054688, 0.7672414183616638], [206.5177001953125, 126.543701171875, 0.9001868963241577], [179.04464721679688, 126.23063659667969, 0.3869575560092926], [212.32241821289062, 163.11770629882812, 0.995747447013855], [188.78225708007812, 166.61203002929688, 0.9586855173110962], [215.1322479248047, 217.64468383789062, 0.9881265759468079], [197.8402557373047, 211.60360717773438, 0.7881904244422913], [208.35858154296875, 268.6847229003906, 0.9686440229415894], [195.25238037109375, 247.92706298828125, 0.7671651244163513], [242.92832946777344, 256.06591796875, 0.9964077472686768], [221.55224609375, 262.70819091796875, 0.9888609647750854], [272.35064697265625, 320.7274169921875, 0.9933605194091797], [222.9738311767578, 337.99249267578125, 0.98094642162323], [316.09710693359375, 375.24847412109375, 0.9817571043968201], [236.8360595703125, 398.00750732421875, 0.9649931788444519]]"
IMG_0684.jpg,lunge,"[[160.0455322265625, 249.73516845703125, 0.9201789498329163], [165.8087615966797, 243.08404541015625, 0.9542373418807983], [155.75311279296875, 243.36318969726562, 0.6066759824752808], [183.21754455566406, 244.11770629882812, 0.9498222470283508], [158.95672607421875, 244.24871826171875, 0.22663748264312744], [203.02493286132812, 270.2511901855469, 0.9969926476478577], [180.17770385742188, 269.20941162109375, 0.9145711660385132], [209.9771270751953, 328.33642578125, 0.9928010106086731], [200.66815185546875, 316.6385803222656, 0.5753828883171082], [190.5283966064453, 376.65789794921875, 0.9685611128807068], [186.91192626953125, 356.3619384765625, 0.5234926342964172], [262.1029357910156, 312.9918212890625, 0.9950075149536133], [235.95582580566406, 315.3013916015625, 0.9739952087402344], [296.80859375, 365.97235107421875, 0.9883798360824585], [202.38502502441406, 366.35894775390625, 0.9425499439239502], [378.8911437988281, 397.56329345703125, 0.965835452079773], [228.73211669921875, 392.1383361816406, 0.9095888137817383]]"
IMG_0685.jpg,lunge,"[[309.166259765625, 204.80584716796875, 0.9701161980628967], [318.88555908203125, 200.35079956054688, 0.955780565738678], [305.9877014160156, 197.8717041015625, 0.8481082916259766], [332.2908935546875, 208.03497314453125, 0.9106872081756592], [301.062744140625, 201.30606079101562, 0.49655938148498535], [340.0737609863281, 248.564208984375, 0.9982960224151611], [284.3236389160156, 238.9638671875, 0.9859769344329834], [343.67822265625, 300.90545654296875, 0.9950034618377686], [273.9685363769531, 278.6246337890625, 0.9190678596496582], [341.03106689453125, 341.01910400390625, 0.9823012948036194], [244.89291381835938, 310.06402587890625, 0.8668724894523621], [317.1788635253906, 331.44732666015625, 0.9980066418647766], [273.9495849609375, 324.5198669433594, 0.9942733645439148], [326.1562805175781, 382.98553466796875, 0.991253137588501], [231.13018798828125, 363.5132141113281, 0.9751585125923157], [379.08966064453125, 412.2078857421875, 0.96483314037323], [251.80953979492188, 384.160400390625, 0.9336130619049072]]"
IMG_0686.jpg,lunge,"[[185.02037048339844, 385.3759765625, 0.7109943628311157], [185.12123107910156, 379.02667236328125, 0.7556366324424744], [181.35745239257812, 381.3701171875, 0.3380117416381836], [195.1930389404297, 360.57623291015625, 0.7880730032920837], [177.65065002441406, 366.26641845703125, 0.17096775770187378], [222.69346618652344, 348.6300964355469, 0.98995041847229], [189.72927856445312, 358.01629638671875, 0.8675626516342163], [264.6539611816406, 382.8345031738281, 0.9864494204521179], [219.5791015625, 391.9632568359375, 0.6513442993164062], [250.23841857910156, 420.0621337890625, 0.9612506031990051], [220.60897827148438, 425.6871337890625, 0.6348999738693237], [281.769287109375, 334.19207763671875, 0.993126630783081], [257.4609680175781, 343.1552734375, 0.9746938347816467], [316.252685546875, 405.9639892578125, 0.9854117631912231], [268.195068359375, 419.45111083984375, 0.9487385749816895], [385.38397216796875, 388.62384033203125, 0.9593899250030518], [316.8507995605469, 402.3626708984375, 0.9110338687896729]]"
IMG_0687.jpg,squat,"[[328.82891845703125, 356.3995361328125, 0.9446054697036743], [333.31982421875, 348.87603759765625, 0.9134610891342163], [322.2984619140625, 350.95428466796875, 0.8748605251312256], [345.4739990234375, 334.28509521484375, 0.7253928184509277], [309.07745361328125, 340.07171630859375, 0.5809215307235718], [363.6585693359375, 317.4787902832031, 0.983937680721283], [291.67083740234375, 340.6242980957031, 0.9678329229354858], [392.7016296386719, 311.87445068359375, 0.9651315808296204], [264.908447265625, 372.35089111328125, 0.906781792640686], [407.48663330078125, 332.5439147949219, 0.9389505386352539], [267.1701354980469, 395.90313720703125, 0.8719462156295776], [354.6907958984375, 315.69073486328125, 0.9841893911361694], [300.55316162109375, 324.22100830078125, 0.9754433631896973], [387.2808837890625, 365.862060546875, 0.9484198093414307], [262.60992431640625, 370.5147705078125, 0.9255919456481934], [394.4211730957031, 391.1932067871094, 0.8526735305786133], [231.05526733398438, 385.369384765625, 0.8219716548919678]]"
IMG_0688.jpg,running_slide,"[[424.01617431640625, 356.5973815917969, 0.9214696884155273], [430.26690673828125, 352.6028137207031, 0.8261368274688721], [422.45953369140625, 348.3031005859375, 0.9099940061569214], [437.904052734375, 342.8749084472656, 0.466238796710968], [412.5167541503906, 333.248046875, 0.7303930521011353], [425.06927490234375, 342.2955017089844, 0.9020048975944519], [387.6378173828125, 327.27978515625, 0.970589816570282], [399.5548400878906, 381.4841003417969, 0.7276270389556885], [319.80816650390625, 361.8995056152344, 0.9288620352745056], [400.24462890625, 393.24432373046875, 0.6534942388534546], [258.77142333984375, 397.5984191894531, 0.8605272769927979], [382.2615051269531, 319.57781982421875, 0.9204922318458557], [350.8072814941406, 310.29974365234375, 0.953262209892273], [408.1298828125, 379.9182434082031, 0.814820408821106], [303.63421630859375, 366.45391845703125, 0.8860031366348267], [395.2908935546875, 385.9328918457031, 0.710214376449585], [239.41041564941406, 378.66961669921875, 0.7829886078834534]]"
IMG_0689.jpg,side_step,"[[486.28582763671875, 251.1722412109375, 0.8684509992599487], [488.80059814453125, 244.78726196289062, 0.49319732189178467], [483.3938293457031, 243.80422973632812, 0.8742010593414307], [483.7882385253906, 238.99600219726562, 0.19998511672019958], [469.5649719238281, 237.22128295898438, 0.8330403566360474], [462.70635986328125, 252.62619018554688, 0.9273005127906799], [441.80523681640625, 246.72711181640625, 0.9895164966583252], [439.197509765625, 301.25848388671875, 0.7944903373718262], [438.73980712890625, 301.03173828125, 0.984630823135376], [442.547607421875, 294.5721740722656, 0.7222914695739746], [459.137451171875, 297.5699768066406, 0.9531241059303284], [390.81805419921875, 289.825927734375, 0.9871686697006226], [362.18658447265625, 283.21905517578125, 0.9951044321060181], [427.618408203125, 341.02587890625, 0.9698464870452881], [319.5577392578125, 336.2367248535156, 0.989010214805603], [407.2288513183594, 379.9583435058594, 0.9389758110046387], [234.849609375, 383.6453857421875, 0.9659307599067688]]"
IMG_0690.jpg,ready,"[[467.7784423828125, 136.4655303955078, 0.9322842955589294], [471.11199951171875, 129.31704711914062, 0.7035518288612366], [460.9925537109375, 129.70870971679688, 0.9313980340957642], [466.9256896972656, 132.2256622314453, 0.3200896978378296], [445.364013671875, 134.07354736328125, 0.887834370136261], [461.7763977050781, 170.35462951660156, 0.9334471225738525], [422.60748291015625, 168.23416137695312, 0.9941024780273438], [440.6717529296875, 214.6943359375, 0.7269459962844849], [409.93359375, 208.82244873046875, 0.9847983121871948], [450.2145080566406, 203.0836181640625, 0.6992805600166321], [445.4276123046875, 197.78765869140625, 0.9592123031616211], [426.24365234375, 262.8136291503906, 0.9797855019569397], [394.0802001953125, 259.6296691894531, 0.9932495355606079], [412.503662109375, 335.6090087890625, 0.9687191247940063], [363.67169189453125, 327.7171630859375, 0.98957359790802], [390.3587951660156, 396.5172424316406, 0.9371113777160645], [323.3731994628906, 387.634521484375, 0.9689728021621704]]"
IMG_0691.jpg,lunge,"[[370.86614990234375, 201.29965209960938, 0.9673754572868347], [372.8157958984375, 192.66311645507812, 0.8303819894790649], [362.8150939941406, 195.20529174804688, 0.9623148441314697], [370.2327575683594, 194.56069946289062, 0.4078384339809418], [346.0723876953125, 200.88372802734375, 0.9038345217704773], [362.8713073730469, 229.55975341796875, 0.9747918844223022], [340.224365234375, 235.31500244140625, 0.9939380884170532], [357.15325927734375, 274.74481201171875, 0.8768198490142822], [345.5860900878906, 284.7190856933594, 0.9837119579315186], [365.8177795410156, 266.3445129394531, 0.8027518391609192], [367.8820495605469, 275.05157470703125, 0.9564051032066345], [352.6322326660156, 317.0633850097656, 0.9888904094696045], [321.73919677734375, 320.9770202636719, 0.9947646856307983], [405.86956787109375, 351.2731628417969, 0.9676190614700317], [297.520751953125, 363.6036376953125, 0.985582709312439], [413.65325927734375, 383.3323974609375, 0.9294413924217224], [233.68954467773438, 401.8634338378906, 0.9556018710136414]]"
IMG_0692.jpg,running_slide,"[[483.36376953125, 311.8616943359375, 0.8793138265609741], [485.049560546875, 306.4532165527344, 0.5344769358634949], [482.85736083984375, 305.7069091796875, 0.898288369178772], [476.72320556640625, 296.4743957519531, 0.22071701288223267], [470.7537841796875, 295.795654296875, 0.8620883226394653], [451.84759521484375, 298.0650634765625, 0.919468104839325], [437.163330078125, 302.7087097167969, 0.9906408786773682], [425.9613952636719, 320.16656494140625, 0.7838863134384155], [415.7972717285156, 347.3933410644531, 0.98585045337677], [427.66583251953125, 342.811767578125, 0.7243272066116333], [420.3594970703125, 395.1871337890625, 0.9566130042076111], [377.865478515625, 330.1911926269531, 0.9804825782775879], [356.0269470214844, 328.79998779296875, 0.9927965402603149], [423.4256896972656, 378.4027404785156, 0.9285797476768494], [318.7017517089844, 380.00115966796875, 0.9737260937690735], [407.1119079589844, 376.4399108886719, 0.8636149168014526], [236.05624389648438, 386.66558837890625, 0.9218205213546753]]"
IMG_0693.jpg,lunge,"[[313.78857421875, 210.01416015625, 0.9663439393043518], [309.56719970703125, 198.95468139648438, 0.8008221387863159], [300.172119140625, 206.75772094726562, 0.9576840996742249], [305.16168212890625, 197.98843383789062, 0.3119901418685913], [278.8650207519531, 219.28631591796875, 0.8975882530212402], [321.07867431640625, 229.74441528320312, 0.9684700965881348], [288.3170471191406, 256.961669921875, 0.995427668094635], [328.76470947265625, 271.3480529785156, 0.8810603618621826], [310.1351318359375, 305.28106689453125, 0.9908415079116821], [330.22198486328125, 261.6161193847656, 0.8521863222122192], [332.9842224121094, 266.337890625, 0.9790201783180237], [351.8233642578125, 318.68902587890625, 0.9865672588348389], [314.84893798828125, 332.7247314453125, 0.9948593378067017], [402.93292236328125, 365.267333984375, 0.9549538493156433], [298.5159606933594, 387.210693359375, 0.9830201864242554], [407.05096435546875, 382.2102966308594, 0.8935056924819946], [227.73355102539062, 400.27880859375, 0.9405271410942078]]"
IMG_0695.jpg,lunge,"[[298.6422424316406, 212.24652099609375, 0.9436037540435791], [307.50634765625, 204.92459106445312, 0.9543254971504211], [294.6857604980469, 205.37881469726562, 0.734022855758667], [326.7398681640625, 210.25631713867188, 0.9305487871170044], [297.2268981933594, 209.88671875, 0.33252835273742676], [333.55218505859375, 250.1513671875, 0.9965050220489502], [302.6150817871094, 245.6597900390625, 0.9506387710571289], [322.0550231933594, 312.5244140625, 0.9899721145629883], [315.0107421875, 293.6327819824219, 0.7221605777740479], [311.4631652832031, 362.1363220214844, 0.9616419076919556], [310.64849853515625, 330.5569152832031, 0.635806679725647], [337.00714111328125, 333.7712097167969, 0.9961931705474854], [303.4976806640625, 331.7449035644531, 0.9850810766220093], [365.89801025390625, 375.64117431640625, 0.990519642829895], [252.27589416503906, 369.016845703125, 0.9652774333953857], [438.66552734375, 420.1353759765625, 0.9736398458480835], [261.1766052246094, 405.59564208984375, 0.9419878721237183]]"
IMG_0699.jpg,lunge,"[[191.12294006347656, 320.775146484375, 0.819939374923706], [192.46627807617188, 314.8232727050781, 0.8385095596313477], [188.09764099121094, 315.0689392089844, 0.4010297358036041], [206.8802490234375, 307.2118225097656, 0.8868790864944458], [198.443115234375, 306.6581726074219, 0.25690340995788574], [227.487548828125, 323.7657470703125, 0.9947243332862854], [230.13510131835938, 313.5966491699219, 0.9508999586105347], [252.74502563476562, 391.3582763671875, 0.987464427947998], [259.9891662597656, 357.1902770996094, 0.7764772176742554], [230.20509338378906, 435.241455078125, 0.9431554675102234], [243.68800354003906, 415.68902587890625, 0.6484603881835938], [316.00048828125, 356.8181457519531, 0.9914204478263855], [314.8976745605469, 360.3449401855469, 0.9743177890777588], [363.71832275390625, 409.3727111816406, 0.9636857509613037], [346.2658996582031, 413.4716796875, 0.902114987373352], [440.49334716796875, 398.5005187988281, 0.8788149356842041], [407.87646484375, 398.77593994140625, 0.7956246733665466]]"
IMG_0700.jpg,lunge,"[[399.9345397949219, 214.73257446289062, 0.9572415947914124], [410.89031982421875, 212.2664794921875, 0.9365792274475098], [397.4772644042969, 208.6204833984375, 0.8571939468383789], [420.6610107421875, 228.19189453125, 0.8296147584915161], [388.50628662109375, 217.3466796875, 0.5439058542251587], [409.5101013183594, 269.29644775390625, 0.992751955986023], [363.6358642578125, 243.64715576171875, 0.9722700715065002], [384.4414367675781, 322.72265625, 0.9797912240028381], [345.000244140625, 249.13897705078125, 0.8795684576034546], [369.04437255859375, 371.18499755859375, 0.9504415392875671], [346.83331298828125, 247.02276611328125, 0.8311163187026978], [366.8455810546875, 339.2989501953125, 0.9922545552253723], [323.0346374511719, 327.73785400390625, 0.9831632375717163], [383.829833984375, 363.3072814941406, 0.9778556823730469], [264.51165771484375, 351.55401611328125, 0.9546236395835876], [432.4534912109375, 415.0086669921875, 0.9324721097946167], [260.194580078125, 401.9847106933594, 0.8976584672927856]]"
IMG_0701.jpg,lunge,"[[239.01795959472656, 215.26190185546875, 0.8581823110580444], [244.21591186523438, 209.16537475585938, 0.8921084403991699], [239.35745239257812, 208.43075561523438, 0.4483194351196289], [262.232421875, 212.54794311523438, 0.9073867797851562], [255.37417602539062, 208.12762451171875, 0.2025693953037262], [284.87127685546875, 245.5179443359375, 0.9939665794372559], [273.9154968261719, 238.40396118164062, 0.9171583652496338], [298.05206298828125, 292.5833740234375, 0.9886081218719482], [298.83709716796875, 274.88348388671875, 0.6929683089256287], [274.1855163574219, 315.4605712890625, 0.9633278250694275], [269.904052734375, 307.86859130859375, 0.653085470199585], [326.0590515136719, 326.11181640625, 0.9951902031898499], [306.4759826660156, 324.14202880859375, 0.9826539754867554], [367.00274658203125, 378.68292236328125, 0.9879876375198364], [258.1132507324219, 372.636962890625, 0.960212230682373], [450.49615478515625, 411.4142761230469, 0.9693416357040405], [271.3142395019531, 402.90618896484375, 0.9381827712059021]]"
IMG_0702.jpg,running_slide,"[[482.6941223144531, 296.375244140625, 0.9635809659957886], [489.0131530761719, 289.85198974609375, 0.8121404647827148], [476.80029296875, 287.6883239746094, 0.9619818329811096], [490.3680725097656, 291.01251220703125, 0.34991690516471863], [457.63922119140625, 286.0836486816406, 0.897723376750946], [469.9622497558594, 313.6531066894531, 0.9658631682395935], [431.31817626953125, 311.8519287109375, 0.9940649271011353], [450.9590759277344, 362.98504638671875, 0.8617041110992432], [435.892333984375, 376.8340759277344, 0.9865551590919495], [449.1975402832031, 335.6015319824219, 0.7929319739341736], [460.055419921875, 344.5384521484375, 0.9604139924049377], [411.52642822265625, 365.4421081542969, 0.9859464168548584], [368.5318603515625, 362.28009033203125, 0.9939429759979248], [462.8583068847656, 392.0122375488281, 0.9526078701019287], [324.8188781738281, 391.3897399902344, 0.9803535342216492], [444.9747314453125, 407.25299072265625, 0.9034255743026733], [246.95538330078125, 414.57562255859375, 0.9407767057418823]]"
IMG_0703.jpg,running_slide,"[[483.953369140625, 299.8046569824219, 0.9530713558197021], [489.66595458984375, 293.0585021972656, 0.7807128429412842], [477.99212646484375, 291.625244140625, 0.9538778066635132], [491.29888916015625, 293.4593200683594, 0.3251945376396179], [460.1640319824219, 290.3349609375, 0.8841091394424438], [472.81866455078125, 315.2170104980469, 0.9542483687400818], [435.1145324707031, 315.06439208984375, 0.9923702478408813], [452.419677734375, 361.8158874511719, 0.8220489025115967], [436.2752990722656, 377.0528564453125, 0.9831742644309998], [449.8572082519531, 347.68243408203125, 0.7396347522735596], [459.3873596191406, 357.81146240234375, 0.9500586986541748], [414.48358154296875, 369.6176452636719, 0.9844844341278076], [372.46759033203125, 367.02935791015625, 0.9934805035591125], [464.609375, 391.1055908203125, 0.9551647901535034], [327.573974609375, 391.6096496582031, 0.9820055365562439], [442.85675048828125, 407.64794921875, 0.9216791391372681], [245.74041748046875, 415.8458557128906, 0.9533026218414307]]"
IMG_0705.jpg,running_slide,"[[438.5325927734375, 246.31552124023438, 0.9705758094787598], [446.9922180175781, 238.734130859375, 0.865821361541748], [432.6349182128906, 237.67657470703125, 0.971126914024353], [453.6214599609375, 241.82879638671875, 0.458045095205307], [417.2343444824219, 238.21429443359375, 0.9149833917617798], [440.268310546875, 270.699462890625, 0.9711240530014038], [386.522705078125, 276.3704833984375, 0.9955865740776062], [424.5361328125, 319.68115234375, 0.8524951934814453], [389.373779296875, 348.5508117675781, 0.9866856336593628], [424.46575927734375, 303.17413330078125, 0.7797443866729736], [422.8541259765625, 321.83843994140625, 0.9594665765762329], [388.5308532714844, 336.695556640625, 0.9883939623832703], [338.3232727050781, 337.5205078125, 0.9950687885284424], [445.5647888183594, 362.4292297363281, 0.9658944606781006], [296.130615234375, 361.0008239746094, 0.9865032434463501], [440.6825866699219, 404.5787048339844, 0.91941237449646], [238.3314666748047, 407.38226318359375, 0.9536808729171753]]"
IMG_0707.jpg,running_slide,"[[208.31008911132812, 245.89471435546875, 0.9661867618560791], [217.99606323242188, 237.32785034179688, 0.9684042930603027], [202.2190399169922, 239.271728515625, 0.8288559913635254], [239.02960205078125, 241.09869384765625, 0.9212615489959717], [198.7136688232422, 243.8153076171875, 0.32393282651901245], [256.7208557128906, 282.5822448730469, 0.995404839515686], [212.3148956298828, 277.1091613769531, 0.9601799845695496], [270.3558044433594, 357.61529541015625, 0.9870585203170776], [202.91714477539062, 305.35662841796875, 0.8106580376625061], [265.09136962890625, 434.4371337890625, 0.962995171546936], [205.5151824951172, 286.8045654296875, 0.787601113319397], [299.76824951171875, 354.0621337890625, 0.9939081072807312], [259.54083251953125, 356.23358154296875, 0.9829203486442566], [310.3079833984375, 342.26495361328125, 0.9889031648635864], [200.50875854492188, 366.3680419921875, 0.9705486297607422], [364.2055358886719, 388.4115905761719, 0.9743844270706177], [205.20782470703125, 421.9554443359375, 0.9525166749954224]]"
IMG_0711.jpg,slide,"[[436.1069641113281, 213.52325439453125, 0.9618183374404907], [443.45050048828125, 207.673583984375, 0.8331825733184814], [430.56866455078125, 207.65655517578125, 0.9625834822654724], [449.69622802734375, 211.7564697265625, 0.4023479223251343], [417.20361328125, 210.6988525390625, 0.8837360143661499], [431.5675048828125, 238.9898681640625, 0.9507789015769958], [403.9578552246094, 240.52792358398438, 0.993364691734314], [421.79791259765625, 280.0546875, 0.7927332520484924], [410.8642578125, 286.1350402832031, 0.9844686985015869], [421.20751953125, 291.4742431640625, 0.7192572355270386], [427.09722900390625, 292.9721984863281, 0.9523246884346008], [383.6236267089844, 301.66119384765625, 0.9878710508346558], [351.12371826171875, 301.984619140625, 0.9953906536102295], [414.559814453125, 335.12896728515625, 0.971556544303894], [302.6241760253906, 353.72723388671875, 0.9898549318313599], [397.061279296875, 373.6821594238281, 0.9471983909606934], [229.4090576171875, 414.11785888671875, 0.9708975553512573]]"
IMG_0712.jpg,slide,"[[440.8678894042969, 217.7249755859375, 0.9354402422904968], [447.4004821777344, 211.6253662109375, 0.7371225953102112], [435.75616455078125, 211.71133422851562, 0.9430928230285645], [452.16387939453125, 214.75054931640625, 0.31324177980422974], [423.0195007324219, 214.094970703125, 0.8631367683410645], [434.32012939453125, 240.11407470703125, 0.9227508306503296], [409.94036865234375, 243.37850952148438, 0.991178035736084], [424.2569580078125, 282.7595520019531, 0.7169356346130371], [421.06732177734375, 292.9979248046875, 0.9821367859840393], [425.1973571777344, 284.9480895996094, 0.6336696147918701], [435.1553955078125, 287.22760009765625, 0.9429349899291992], [386.2049865722656, 302.355224609375, 0.9862045049667358], [355.344482421875, 302.98675537109375, 0.9952120780944824], [419.5148620605469, 339.9420166015625, 0.9721634387969971], [305.5002136230469, 358.0569152832031, 0.9910158514976501], [398.7943115234375, 378.2814025878906, 0.9531193971633911], [227.73544311523438, 418.7177429199219, 0.9758342504501343]]"
IMG_0715.jpg,slide,"[[217.54037475585938, 227.72128295898438, 0.9606806039810181], [222.92039489746094, 220.02093505859375, 0.9550037980079651], [210.93821716308594, 220.91140747070312, 0.8189191222190857], [238.45162963867188, 224.62518310546875, 0.9093042612075806], [206.8651580810547, 226.96820068359375, 0.44725120067596436], [263.52239990234375, 262.773681640625, 0.9971774816513062], [216.28189086914062, 263.88226318359375, 0.9692118167877197], [256.0164794921875, 318.876220703125, 0.9911289215087891], [223.07916259765625, 319.9743347167969, 0.8372292518615723], [238.79908752441406, 371.76611328125, 0.9678693413734436], [225.33929443359375, 367.4247741699219, 0.7835165858268738], [312.4573669433594, 326.1017150878906, 0.99427330493927], [268.5058288574219, 327.5909423828125, 0.9830613136291504], [361.20111083984375, 381.7539978027344, 0.9812504053115845], [259.01080322265625, 365.2115478515625, 0.9479843974113464], [423.00140380859375, 437.70037841796875, 0.9336463212966919], [278.0136413574219, 404.3573913574219, 0.88202965259552]]"
IMG_0717.jpg,squat,"[[324.56903076171875, 194.693603515625, 0.9783517718315125], [330.4364013671875, 187.12289428710938, 0.9261040687561035], [316.58575439453125, 189.091064453125, 0.9637764692306519], [340.5632629394531, 190.74472045898438, 0.6588833332061768], [305.29998779296875, 194.73843383789062, 0.852885901927948], [348.2652587890625, 224.94479370117188, 0.987623393535614], [293.69635009765625, 229.79409790039062, 0.9945641756057739], [346.3688049316406, 271.33782958984375, 0.9408079385757446], [293.558837890625, 279.7193908691406, 0.9811835289001465], [348.204833984375, 283.42236328125, 0.886693000793457], [324.0264587402344, 281.7995300292969, 0.9519156217575073], [340.367919921875, 299.5120544433594, 0.9941935539245605], [292.1961975097656, 302.4317932128906, 0.9961469173431396], [380.18463134765625, 341.87298583984375, 0.981292724609375], [252.606201171875, 347.0921630859375, 0.9881995916366577], [399.69305419921875, 389.9356384277344, 0.9520920515060425], [214.72674560546875, 397.240478515625, 0.9636748433113098]]"
IMG_0719.jpg,burpee,"[[324.127197265625, 397.1865234375, 0.8207175731658936], [329.3709716796875, 390.4326171875, 0.7521919012069702], [316.7805480957031, 390.59698486328125, 0.6612370014190674], [345.426025390625, 374.9538879394531, 0.5567708015441895], [300.7655944824219, 375.9322814941406, 0.3763759434223175], [377.2513427734375, 355.6059265136719, 0.9522123336791992], [278.40301513671875, 354.60693359375, 0.9212419390678406], [414.02886962890625, 348.1202392578125, 0.9367353916168213], [235.02076721191406, 344.34527587890625, 0.8760893940925598], [405.07281494140625, 402.5785217285156, 0.9122706651687622], [235.286865234375, 400.59954833984375, 0.8568961024284363], [363.1507873535156, 334.0715637207031, 0.9475003480911255], [295.656494140625, 330.9721984863281, 0.9307084679603577], [373.7937316894531, 379.27435302734375, 0.765292763710022], [255.01382446289062, 371.6060791015625, 0.7151781320571899], [363.26324462890625, 357.86920166015625, 0.5011287331581116], [233.32913208007812, 341.3634033203125, 0.4647063910961151]]"
IMG_0720.jpg,squat,"[[345.1593933105469, 135.12356567382812, 0.9655437469482422], [351.18658447265625, 127.6031494140625, 0.835229754447937], [336.69610595703125, 128.72817993164062, 0.9568941593170166], [354.45428466796875, 131.46493530273438, 0.4110351502895355], [318.8399353027344, 134.87973022460938, 0.876065731048584], [353.033447265625, 167.8185577392578, 0.9614450335502625], [293.4559326171875, 174.76622009277344, 0.9946120977401733], [350.8642272949219, 215.7542724609375, 0.8662446737289429], [287.07659912109375, 228.89898681640625, 0.9881372451782227], [363.2889099121094, 238.40679931640625, 0.8565055131912231], [336.87109375, 244.052001953125, 0.974877119064331], [329.5139465332031, 252.82904052734375, 0.9820815324783325], [282.0187683105469, 258.9136962890625, 0.992702841758728], [366.2509765625, 317.1519470214844, 0.9514986276626587], [274.0728454589844, 332.41650390625, 0.9806138277053833], [362.4416198730469, 368.2568359375, 0.8807843923568726], [236.1921844482422, 392.5263671875, 0.9301512241363525]]"
IMG_0722.jpg,squat,"[[376.16717529296875, 219.199462890625, 0.96186363697052], [381.9866638183594, 212.87991333007812, 0.8234093189239502], [370.5002746582031, 213.39620971679688, 0.9668909311294556], [385.8245849609375, 213.2734375, 0.37462782859802246], [355.2257080078125, 213.59527587890625, 0.9137783050537109], [365.87823486328125, 237.23992919921875, 0.9546962380409241], [340.19708251953125, 242.99578857421875, 0.9937397837638855], [362.51470947265625, 277.6217041015625, 0.7829042077064514], [339.2251281738281, 293.1607971191406, 0.983109712600708], [350.91046142578125, 290.7451171875, 0.7300788164138794], [352.31182861328125, 307.3385009765625, 0.9578534960746765], [325.1961669921875, 296.0303039550781, 0.9839624166488647], [298.365478515625, 301.35076904296875, 0.9937832951545715], [381.1239318847656, 318.540771484375, 0.9690964221954346], [304.81695556640625, 345.068115234375, 0.9893850088119507], [355.0059509277344, 355.5445251464844, 0.9445580244064331], [245.9818572998047, 404.5495910644531, 0.9707754850387573]]"
IMG_0724.jpg,burpee,"[[485.8447570800781, 393.4632873535156, 0.9235091209411621], [495.587158203125, 396.3947448730469, 0.7626150846481323], [492.60797119140625, 386.43292236328125, 0.9212157726287842], [494.6707763671875, 396.299072265625, 0.46641600131988525], [482.1019287109375, 370.5393371582031, 0.8633840680122375], [463.55828857421875, 390.46002197265625, 0.964043378829956], [435.3214111328125, 363.2661437988281, 0.9926760196685791], [464.4364318847656, 392.5008850097656, 0.8492293357849121], [378.1092529296875, 372.31231689453125, 0.9807292222976685], [483.31494140625, 396.0546875, 0.8155068755149841], [387.1921081542969, 426.90618896484375, 0.9484785795211792], [348.0882263183594, 363.36248779296875, 0.9790191650390625], [331.82623291015625, 344.61663818359375, 0.9893882870674133], [278.11248779296875, 380.36260986328125, 0.9406613111495972], [260.0814208984375, 370.04058837890625, 0.9710136651992798], [203.64268493652344, 333.98736572265625, 0.8849858045578003], [211.5633087158203, 338.7597351074219, 0.9240546822547913]]"
IMG_0726.jpg,burpee,"[[475.0047607421875, 323.1097412109375, 0.8900395631790161], [479.966552734375, 320.9862365722656, 0.6243485808372498], [478.30438232421875, 316.50555419921875, 0.8921763896942139], [477.6208190917969, 310.11077880859375, 0.33645302057266235], [467.29266357421875, 299.6774597167969, 0.8582640886306763], [454.3041076660156, 294.611083984375, 0.9613293409347534], [421.3884582519531, 298.5888671875, 0.993949830532074], [450.2279052734375, 310.0779113769531, 0.8722504377365112], [379.69647216796875, 346.9718322753906, 0.9879209399223328], [458.93328857421875, 354.1820983886719, 0.817400336265564], [387.2283935546875, 416.91375732421875, 0.9584629535675049], [348.64910888671875, 280.3402404785156, 0.9894593358039856], [323.162841796875, 275.872802734375, 0.9951101541519165], [339.2586364746094, 339.20947265625, 0.9650980234146118], [272.8789978027344, 339.171630859375, 0.9848897457122803], [268.9283142089844, 320.72540283203125, 0.9108002781867981], [193.54910278320312, 327.18255615234375, 0.9459927678108215]]"
IMG_0727.jpg,burpee,"[[425.9035949707031, 248.0050048828125, 0.9595590829849243], [430.3475341796875, 240.988525390625, 0.7836630344390869], [420.8070068359375, 241.23092651367188, 0.9612044095993042], [427.0487060546875, 238.30169677734375, 0.3675612807273865], [400.7568664550781, 238.59722900390625, 0.9231237173080444], [404.29315185546875, 258.23199462890625, 0.9701552391052246], [368.2412414550781, 258.3651428222656, 0.9940913319587708], [411.94622802734375, 310.33502197265625, 0.8536595106124878], [356.39007568359375, 322.39422607421875, 0.9828400611877441], [435.4925537109375, 344.762939453125, 0.8105118274688721], [399.5820007324219, 358.5175476074219, 0.9585472345352173], [333.2032470703125, 282.6587219238281, 0.9731632471084595], [305.4058837890625, 283.10986328125, 0.9872558116912842], [366.37933349609375, 322.69659423828125, 0.9339563846588135], [317.6551513671875, 330.0429992675781, 0.9698952436447144], [342.62335205078125, 375.2274475097656, 0.8406928181648254], [280.80572509765625, 387.6618347167969, 0.8955415487289429]]"
IMG_0728.jpg,squat,"[[373.6354064941406, 180.3631591796875, 0.9541058540344238], [380.9879150390625, 173.605712890625, 0.8181710243225098], [366.4355163574219, 175.1150665283203, 0.9620422124862671], [387.1014404296875, 178.880859375, 0.39745432138442993], [351.7788391113281, 180.90234375, 0.9027992486953735], [374.98480224609375, 208.97271728515625, 0.9374961853027344], [341.35333251953125, 218.6090087890625, 0.9919397830963135], [374.1814880371094, 260.64935302734375, 0.6864497065544128], [355.7828063964844, 279.51239013671875, 0.9746851921081543], [366.6385192871094, 242.15988159179688, 0.6554974317550659], [377.9582824707031, 253.12640380859375, 0.9440103769302368], [351.9649963378906, 273.6859130859375, 0.9748069643974304], [320.3188171386719, 280.9728698730469, 0.990607500076294], [397.6441345214844, 290.37969970703125, 0.9670971632003784], [318.4529113769531, 314.7425231933594, 0.9890555143356323], [390.0009765625, 344.19464111328125, 0.9476599097251892], [284.16632080078125, 389.2593688964844, 0.9736661314964294]]"
IMG_0732.jpg,slide,"[[239.19435119628906, 115.09208679199219, 0.957502543926239], [247.8515167236328, 109.0880126953125, 0.9068763852119446], [234.3577117919922, 110.59892272949219, 0.8803442716598511], [261.337890625, 115.20858764648438, 0.7744506597518921], [228.05279541015625, 116.87690734863281, 0.6508930325508118], [265.72137451171875, 148.18031311035156, 0.9948770403862], [220.67654418945312, 160.5830841064453, 0.9908736348152161], [276.4910888671875, 189.68795776367188, 0.9832669496536255], [218.2982177734375, 206.85507202148438, 0.9635568261146545], [248.8206329345703, 173.3936767578125, 0.9639956951141357], [226.1529998779297, 185.376708984375, 0.9420162439346313], [291.52191162109375, 236.17239379882812, 0.9986873269081116], [252.18882751464844, 250.2509765625, 0.9982393980026245], [349.6554260253906, 291.29876708984375, 0.9973883628845215], [264.3114013671875, 331.25262451171875, 0.9968671202659607], [397.4410400390625, 340.37872314453125, 0.9914785623550415], [279.7592468261719, 404.597900390625, 0.9903824329376221]]"
IMG_0733.jpg,slide,"[[208.11175537109375, 162.88522338867188, 0.943516194820404], [216.22679138183594, 155.64459228515625, 0.919960618019104], [201.93606567382812, 158.53121948242188, 0.8516985177993774], [233.26083374023438, 161.8037872314453, 0.8122712969779968], [197.53585815429688, 166.5358123779297, 0.5544856190681458], [247.80340576171875, 193.8572998046875, 0.9898735284805298], [202.31295776367188, 209.876708984375, 0.9751808047294617], [257.9775695800781, 235.88436889648438, 0.9655570983886719], [212.30752563476562, 253.55282592773438, 0.8889195919036865], [213.2291259765625, 234.34442138671875, 0.923313319683075], [207.58755493164062, 232.59735107421875, 0.8458178043365479], [297.4356384277344, 270.4437255859375, 0.9954776763916016], [255.23294067382812, 285.4141845703125, 0.9931429624557495], [360.85382080078125, 312.6365661621094, 0.9921261668205261], [255.49546813964844, 350.584716796875, 0.9892016649246216], [421.645751953125, 349.8135986328125, 0.9808691740036011], [274.8262634277344, 409.4093017578125, 0.9766222834587097]]"
IMG_0735.jpg,squat,"[[198.25596618652344, 251.47854614257812, 0.9384170770645142], [204.50167846679688, 245.45556640625, 0.937968373298645], [195.37815856933594, 245.76113891601562, 0.7420937418937683], [222.17906188964844, 247.97341918945312, 0.8822453022003174], [195.87884521484375, 246.50192260742188, 0.3119344115257263], [253.1573486328125, 271.8949279785156, 0.9945541620254517], [211.35250854492188, 271.5318603515625, 0.9494694471359253], [273.6453857421875, 321.5069580078125, 0.9864165782928467], [221.7212371826172, 308.965576171875, 0.8075277805328369], [251.47918701171875, 346.5771789550781, 0.9619051218032837], [209.7250518798828, 318.9306335449219, 0.778418779373169], [319.84796142578125, 318.6982116699219, 0.9940832257270813], [280.00531005859375, 321.9505920410156, 0.984317421913147], [353.641357421875, 364.292724609375, 0.9876338243484497], [251.0460968017578, 364.92718505859375, 0.9689874649047852], [428.7301940917969, 408.87237548828125, 0.968486487865448], [285.3879089355469, 408.2181396484375, 0.9465552568435669]]"
IMG_0737.jpg,lunge,"[[206.08888244628906, 245.76611328125, 0.9459383487701416], [211.5184783935547, 238.68310546875, 0.9390084743499756], [201.84957885742188, 240.55169677734375, 0.7377941012382507], [226.92420959472656, 237.9088134765625, 0.8918066024780273], [200.46163940429688, 241.93099975585938, 0.31974703073501587], [253.13951110839844, 259.8285217285156, 0.9957988858222961], [211.42254638671875, 268.6819763183594, 0.9671787023544312], [273.1120910644531, 311.0697937011719, 0.9912644028663635], [218.5170135498047, 310.9092102050781, 0.8653072714805603], [241.54037475585938, 334.1328125, 0.977446436882019], [214.72503662109375, 329.7568359375, 0.8393760919570923], [319.4843444824219, 306.48834228515625, 0.9962412118911743], [280.781982421875, 315.083740234375, 0.9894713759422302], [360.1925048828125, 351.6289367675781, 0.9909236431121826], [254.11282348632812, 366.723388671875, 0.9753438234329224], [442.1893615722656, 400.57904052734375, 0.9703559279441833], [281.4271240234375, 417.2144775390625, 0.9472239017486572]]"
IMG_0741.jpg,slide,"[[440.4527587890625, 127.63693237304688, 0.9665964841842651], [446.9268798828125, 121.70269775390625, 0.9273384809494019], [432.66778564453125, 120.65829467773438, 0.891492486000061], [456.0965576171875, 131.337646484375, 0.8074072003364563], [422.7591247558594, 130.346435546875, 0.6864997744560242], [469.19049072265625, 175.74111938476562, 0.9956627488136292], [407.10186767578125, 170.99913024902344, 0.9917247295379639], [468.75225830078125, 224.40542602539062, 0.9826380610466003], [400.5684814453125, 215.08859252929688, 0.9610804319381714], [498.4037170410156, 244.04449462890625, 0.9600450992584229], [429.33056640625, 188.15921020507812, 0.9272423982620239], [426.4418640136719, 267.9044189453125, 0.9973024129867554], [379.3690185546875, 258.3043518066406, 0.9958853721618652], [406.8807373046875, 344.72100830078125, 0.9907513856887817], [320.3045959472656, 314.3838195800781, 0.9868830442428589], [387.15655517578125, 426.8595886230469, 0.9560934901237488], [273.26544189453125, 374.5649108886719, 0.9477642774581909]]"
IMG_0743.jpg,lunge,"[[485.39630126953125, 268.48248291015625, 0.9475060105323792], [491.2791748046875, 263.8294677734375, 0.7490385174751282], [482.063232421875, 259.7518310546875, 0.952686607837677], [488.42254638671875, 261.3163757324219, 0.32384026050567627], [462.7860412597656, 253.4312744140625, 0.9085119962692261], [469.29632568359375, 272.1831359863281, 0.9466394186019897], [425.76300048828125, 270.3333740234375, 0.9958139657974243], [435.72747802734375, 304.636474609375, 0.792739748954773], [413.9081115722656, 324.71588134765625, 0.9905948042869568], [433.7478942871094, 300.3354797363281, 0.7622584104537964], [447.18109130859375, 323.8797302246094, 0.9711823463439941], [405.9219665527344, 295.91302490234375, 0.9852041602134705], [365.91607666015625, 288.972412109375, 0.9951368570327759], [413.6994934082031, 365.48712158203125, 0.9681744575500488], [311.37371826171875, 343.797119140625, 0.9893073439598083], [388.0595397949219, 407.8450927734375, 0.935571014881134], [255.82093811035156, 382.623779296875, 0.9678143262863159]]"
IMG_0746.jpg,slide,"[[229.70101928710938, 126.47137451171875, 0.9736241102218628], [239.05690002441406, 118.08148193359375, 0.9257206320762634], [222.77349853515625, 121.48269653320312, 0.9437636137008667], [256.4638977050781, 122.56692504882812, 0.74046790599823], [217.48553466796875, 129.0392608642578, 0.777071475982666], [268.58685302734375, 160.66900634765625, 0.9896885752677917], [222.17401123046875, 179.2174072265625, 0.9943801164627075], [288.23126220703125, 204.78903198242188, 0.951326847076416], [216.01010131835938, 219.56521606445312, 0.979200005531311], [275.16162109375, 210.6661376953125, 0.9177331924438477], [203.06787109375, 190.81076049804688, 0.9605243802070618], [313.17901611328125, 256.7079772949219, 0.9970018863677979], [273.5581970214844, 274.4822998046875, 0.9978872537612915], [380.3536682128906, 307.88763427734375, 0.9950374364852905], [290.2660217285156, 354.1102600097656, 0.9969066381454468], [423.42724609375, 361.62982177734375, 0.9873028993606567], [300.7669677734375, 435.4068603515625, 0.9908080101013184]]"
IMG_0747.jpg,slide,"[[224.1195068359375, 178.94296264648438, 0.966131329536438], [232.8292999267578, 170.8433837890625, 0.931120753288269], [217.97105407714844, 174.0950469970703, 0.919208288192749], [250.03834533691406, 174.46188354492188, 0.7894185185432434], [212.9954833984375, 179.83648681640625, 0.6847363710403442], [267.0541076660156, 211.48538208007812, 0.9904417991638184], [219.178466796875, 224.81768798828125, 0.9898718595504761], [303.755859375, 256.4979248046875, 0.9573678970336914], [213.57449340820312, 255.8946533203125, 0.9559975862503052], [297.7674865722656, 268.2476501464844, 0.9188361763954163], [197.03616333007812, 234.296875, 0.9244792461395264], [317.74383544921875, 290.3338317871094, 0.9968171119689941], [278.6941223144531, 305.49188232421875, 0.99686199426651], [368.43310546875, 334.60809326171875, 0.9950577020645142], [276.4425354003906, 377.5254821777344, 0.995564341545105], [428.061279296875, 367.81719970703125, 0.9888776540756226], [300.5792541503906, 436.0792236328125, 0.9897804260253906]]"
IMG_0750.jpg,lunge,"[[204.7711181640625, 262.59552001953125, 0.93776535987854], [211.0096435546875, 255.06536865234375, 0.9487895965576172], [202.70716857910156, 256.5572814941406, 0.6892967224121094], [230.98626708984375, 252.10528564453125, 0.9252400398254395], [206.87911987304688, 253.65301513671875, 0.2455916702747345], [259.11492919921875, 277.747314453125, 0.9970700740814209], [227.72662353515625, 279.20806884765625, 0.9507351517677307], [298.760498046875, 317.8772277832031, 0.9931213855743408], [232.97996520996094, 293.65985107421875, 0.7908024787902832], [290.4494934082031, 357.8575439453125, 0.9775241017341614], [206.08523559570312, 300.45880126953125, 0.7689421772956848], [324.8954772949219, 321.6103210449219, 0.9978758096694946], [295.7267761230469, 328.4913024902344, 0.9922897815704346], [362.8093566894531, 371.0797119140625, 0.9957500696182251], [277.7385559082031, 393.77691650390625, 0.9857134819030762], [437.78509521484375, 392.17156982421875, 0.9868324995040894], [305.8282775878906, 429.077392578125, 0.9719844460487366]]"
IMG_0752.jpg,ready,"[[450.1648864746094, 109.6943359375, 0.9694884419441223], [456.1485900878906, 102.11662292480469, 0.9174631834030151], [440.3080139160156, 100.51190185546875, 0.9275015592575073], [462.7897033691406, 108.61325073242188, 0.7482074499130249], [427.50775146484375, 107.55900573730469, 0.8109238147735596], [466.97064208984375, 155.83740234375, 0.9927499890327454], [413.85772705078125, 152.45448303222656, 0.9941485524177551], [453.4038391113281, 198.34979248046875, 0.9627699851989746], [418.6578674316406, 211.41757202148438, 0.9697831869125366], [484.4507141113281, 199.32485961914062, 0.9189422130584717], [442.8798522949219, 208.62628173828125, 0.9267674684524536], [419.4537353515625, 262.959228515625, 0.996035099029541], [376.8717041015625, 252.05111694335938, 0.9959014654159546], [408.98895263671875, 352.3964538574219, 0.9894520044326782], [327.0518493652344, 308.27130126953125, 0.9894801378250122], [386.5167236328125, 430.89892578125, 0.9620931148529053], [279.7356872558594, 359.78155517578125, 0.9638540148735046]]"
IMG_0754.jpg,ready,"[[490.7735290527344, 184.54571533203125, 0.9715753793716431], [497.1874084472656, 178.1500244140625, 0.8681837320327759], [483.3048400878906, 175.83624267578125, 0.9614068269729614], [500.5652160644531, 183.82470703125, 0.5211533904075623], [464.764892578125, 179.46954345703125, 0.9027352333068848], [495.79931640625, 223.53744506835938, 0.9880753755569458], [434.6360778808594, 219.52359008789062, 0.9967658519744873], [484.9227294921875, 272.12530517578125, 0.9318317174911499], [437.2776184082031, 284.28253173828125, 0.9882738590240479], [496.9815673828125, 243.970947265625, 0.8810738921165466], [473.7542419433594, 255.47869873046875, 0.964815616607666], [425.4258117675781, 301.7663879394531, 0.9950981140136719], [377.561279296875, 292.410888671875, 0.9971252083778381], [433.4758605957031, 377.25140380859375, 0.9819133281707764], [336.0189208984375, 347.8117370605469, 0.9900387525558472], [399.96307373046875, 430.8092956542969, 0.9324972033500671], [276.447509765625, 389.30926513671875, 0.9534727334976196]]"
IMG_0755.jpg,lunge,"[[509.87994384765625, 248.52444458007812, 0.9383147954940796], [514.689697265625, 241.88504028320312, 0.7368500232696533], [503.17388916015625, 240.93634033203125, 0.941349983215332], [511.1089172363281, 244.08731079101562, 0.34635114669799805], [481.322265625, 243.01614379882812, 0.9043573141098022], [499.4565124511719, 268.4967041015625, 0.9608504772186279], [445.589111328125, 273.35430908203125, 0.9940190315246582], [487.74658203125, 325.79022216796875, 0.804059624671936], [444.01629638671875, 347.09588623046875, 0.9816583395004272], [493.9125671386719, 294.5765380859375, 0.7652755975723267], [481.3249816894531, 312.6661071777344, 0.9534541368484497], [421.55755615234375, 313.61358642578125, 0.9821434020996094], [375.9847106933594, 309.661865234375, 0.9917640686035156], [432.71209716796875, 372.04278564453125, 0.9584164619445801], [336.4679870605469, 359.65667724609375, 0.9822088479995728], [394.544921875, 404.843505859375, 0.8888055086135864], [262.9295349121094, 388.5560607910156, 0.9347532987594604]]"
IMG_0759.jpg,ready,"[[334.4750671386719, 271.2048034667969, 0.9820095300674438], [340.51214599609375, 264.8292236328125, 0.9681607484817505], [327.7151794433594, 265.3047180175781, 0.969836950302124], [349.29046630859375, 271.1186218261719, 0.7940806150436401], [317.2944030761719, 271.4618225097656, 0.8125735521316528], [358.5567626953125, 312.7569580078125, 0.9953030347824097], [304.8719482421875, 308.9100341796875, 0.9971832036972046], [375.3187561035156, 362.27801513671875, 0.9779282808303833], [296.78082275390625, 342.77508544921875, 0.9856473207473755], [403.21484375, 380.278076171875, 0.9618363976478577], [323.8919372558594, 320.8405456542969, 0.9699963331222534], [354.05419921875, 393.3738708496094, 0.9836184978485107], [313.61773681640625, 392.7518005371094, 0.9880794286727905], [382.6539001464844, 439.5150146484375, 0.8281756639480591], [297.37823486328125, 438.73870849609375, 0.859618067741394], [397.05938720703125, 457.61639404296875, 0.5107157230377197], [276.3923645019531, 456.53863525390625, 0.5597830414772034]]"
IMG_0761.jpg,ready,"[[276.7895812988281, 312.22894287109375, 0.7273922562599182], [279.35699462890625, 304.8375549316406, 0.7552781105041504], [273.3182678222656, 309.3617858886719, 0.4088628590106964], [294.073974609375, 300.00836181640625, 0.668717622756958], [276.261962890625, 313.3874206542969, 0.1182728111743927], [324.222412109375, 314.6796875, 0.9733457565307617], [281.56207275390625, 338.6922912597656, 0.947064995765686], [358.87225341796875, 334.4169006347656, 0.9790328145027161], [287.71173095703125, 375.6944580078125, 0.904865026473999], [350.9032287597656, 359.5350646972656, 0.9663506746292114], [280.096435546875, 393.1333923339844, 0.8901159763336182], [352.497802734375, 389.19647216796875, 0.9735889434814453], [318.6516418457031, 400.4977111816406, 0.9639136791229248], [377.0684814453125, 431.546630859375, 0.8360212445259094], [297.3518371582031, 442.1890869140625, 0.7625659108161926], [406.87841796875, 448.89453125, 0.5328692197799683], [292.6687927246094, 461.11578369140625, 0.45272141695022583]]"
IMG_0764.jpg,ready,"[[372.572021484375, 309.55230712890625, 0.9652904272079468], [382.294677734375, 308.09759521484375, 0.9221633672714233], [368.81268310546875, 303.3008728027344, 0.924382209777832], [392.5628662109375, 319.77130126953125, 0.7497748136520386], [357.93292236328125, 307.3416748046875, 0.7438610792160034], [390.7492980957031, 356.61553955078125, 0.9904961585998535], [334.0894470214844, 331.1087951660156, 0.9875786304473877], [409.00457763671875, 396.13031005859375, 0.9639031887054443], [309.2281188964844, 342.8585205078125, 0.9564946293830872], [448.4987487792969, 414.95013427734375, 0.9311845302581787], [348.35467529296875, 339.50677490234375, 0.9260835647583008], [359.6557312011719, 405.1650390625, 0.9883636236190796], [316.211669921875, 397.11578369140625, 0.9864602088928223], [391.27001953125, 439.9365234375, 0.9437108039855957], [299.3638610839844, 438.41339111328125, 0.9409917593002319], [395.9353332519531, 435.58624267578125, 0.8235355615615845], [276.8221130371094, 439.4488525390625, 0.815839409828186]]"
IMG_0766.jpg,ready,"[[399.90283203125, 333.870849609375, 0.9304319620132446], [406.3713073730469, 324.60711669921875, 0.73114013671875], [392.2147216796875, 326.30072021484375, 0.9452179670333862], [407.4761962890625, 321.6402587890625, 0.30700135231018066], [369.893798828125, 324.98162841796875, 0.891369104385376], [386.73486328125, 339.4873962402344, 0.9229186773300171], [342.55682373046875, 361.25469970703125, 0.9870671033859253], [384.91741943359375, 390.26361083984375, 0.7140616178512573], [346.66259765625, 441.283447265625, 0.9642161130905151], [392.04449462890625, 391.3670959472656, 0.668842077255249], [386.525390625, 407.29736328125, 0.9248875379562378], [345.09063720703125, 399.61895751953125, 0.9206843376159668], [304.7662048339844, 411.48480224609375, 0.9619780778884888], [406.2066650390625, 435.07855224609375, 0.7466219663619995], [308.8792724609375, 453.503173828125, 0.8743246793746948], [391.0346984863281, 419.64776611328125, 0.5548983216285706], [270.0252990722656, 438.64410400390625, 0.6780087351799011]]"
IMG_0771.jpg,ready,"[[415.6725158691406, 325.224365234375, 0.9754659533500671], [426.4371032714844, 317.428955078125, 0.9205964803695679], [407.6595458984375, 316.2198486328125, 0.9668731689453125], [439.30181884765625, 319.44647216796875, 0.6363391876220703], [388.65972900390625, 315.03033447265625, 0.8719221353530884], [435.37750244140625, 348.0881652832031, 0.9820922017097473], [358.8635559082031, 345.7934875488281, 0.9920575618743896], [454.32000732421875, 419.17291259765625, 0.90767902135849], [366.30511474609375, 417.7757873535156, 0.9690677523612976], [464.00909423828125, 480.0, 0.8190019130706787], [404.4075927734375, 413.187255859375, 0.9226498603820801], [377.2738342285156, 389.1209411621094, 0.9678332805633545], [318.01751708984375, 387.00286865234375, 0.9773969054222107], [423.70501708984375, 450.6192626953125, 0.8256535530090332], [299.7209777832031, 449.87152099609375, 0.8816598653793335], [413.57275390625, 447.2271728515625, 0.5655145645141602], [269.604736328125, 447.2413330078125, 0.6257492303848267]]"
IMG_0772.jpg,ready,"[[437.41192626953125, 281.5165710449219, 0.9667580127716064], [446.6369934082031, 271.73419189453125, 0.8488171100616455], [429.47802734375, 272.5860290527344, 0.9703437685966492], [450.944580078125, 269.4824523925781, 0.41669049859046936], [404.74786376953125, 269.25732421875, 0.919094443321228], [429.6014404296875, 286.701171875, 0.9656896591186523], [372.8988342285156, 299.8446044921875, 0.9927636384963989], [438.7543640136719, 350.18634033203125, 0.8314268589019775], [402.43206787109375, 385.42498779296875, 0.974941611289978], [453.7704772949219, 368.58660888671875, 0.7483606338500977], [432.0081787109375, 354.5440673828125, 0.9332551956176758], [360.91546630859375, 319.6296081542969, 0.9580875635147095], [311.38018798828125, 323.66717529296875, 0.9782086610794067], [412.3349914550781, 374.99871826171875, 0.8394109010696411], [289.14300537109375, 377.3822021484375, 0.9164459705352783], [421.5181579589844, 371.40631103515625, 0.6401220560073853], [263.21337890625, 372.7243957519531, 0.7340994477272034]]"
IMG_0773.jpg,ready,"[[187.34556579589844, 294.43243408203125, 0.9494196772575378], [193.97308349609375, 286.8460998535156, 0.962669312953949], [181.7360076904297, 286.48712158203125, 0.7384833097457886], [218.75115966796875, 286.22772216796875, 0.9350277185440063], [182.8107147216797, 285.0601806640625, 0.272031307220459], [253.02243041992188, 315.94024658203125, 0.9961832761764526], [213.79501342773438, 308.51214599609375, 0.9476733207702637], [259.6070861816406, 387.681640625, 0.989844560623169], [212.90139770507812, 350.2747497558594, 0.7742191553115845], [220.33407592773438, 441.236083984375, 0.9657136797904968], [207.48435974121094, 341.8684997558594, 0.7605286836624146], [337.9032897949219, 338.0685119628906, 0.9881221652030945], [300.40283203125, 339.1751708984375, 0.9639024138450623], [367.077392578125, 384.033447265625, 0.950383722782135], [282.9754943847656, 395.3371887207031, 0.8670492768287659], [391.739013671875, 361.2577819824219, 0.8329669833183289], [277.3672180175781, 378.5068054199219, 0.7144938707351685]]"
